sss_candidate_min_dist,reco_shower_energy_max,reco_shower_nuscore,reco_shower_trackscore,reco_shower_theta_yz,reco_shower_phi_yx,reco_shower_opening_angle,cos_theta,bdt_score
55.517,20.334,0.006,0.065,-1.126,-1.456,0.178,0.337,0.002
4.266,1654.616,0.000,0.022,-1.407,-0.964,0.027,0.092,0.003
0.113,95.550,0.000,0.168,-0.430,-2.315,0.300,0.771,0.020
42.417,62.399,0.152,0.187,-2.060,-1.753,0.231,-0.565,0.017
49.758,94.826,0.009,0.209,-1.520,-1.979,0.048,-0.082,0.005
0.142,272.799,0.000,0.054,-1.570,-1.576,0.052,-0.106,0.004
29.437,100.891,0.029,0.473,1.045,1.643,0.315,0.584,0.010
6.773,69.367,0.005,0.095,-1.405,-1.475,0.213,0.066,0.006
60.661,48.266,0.033,0.105,1.633,1.739,0.135,0.031,0.004
108.402,282.775,0.010,0.167,-1.705,-1.277,0.047,-0.206,0.005
120.516,93.574,0.102,0.237,-2.077,-2.633,0.131,-0.375,0.027
80.132,39.930,0.029,0.344,1.759,1.836,0.182,-0.099,0.002
0.097,102.144,0.000,0.398,-1.612,-1.762,0.123,-0.159,0.003
0.874,204.109,0.000,0.277,-1.809,-1.882,0.024,-0.345,0.006
7.257,336.592,0.062,0.481,-0.875,-2.311,0.152,0.408,0.007
10.198,750.846,0.264,0.015,1.045,2.308,0.070,0.415,0.003
0.057,168.941,0.000,0.022,-1.719,-1.537,0.296,-0.249,0.005
19.998,38.206,0.021,0.186,1.255,1.568,0.485,0.409,0.010
0.952,38.097,0.000,0.020,0.269,1.025,0.563,0.984,0.051
103.709,54.657,0.093,0.149,0.645,0.534,0.260,0.656,0.049
36.799,39.016,0.004,0.058,1.849,1.543,0.249,-0.168,0.002
52.763,71.845,0.035,0.398,-1.194,-1.476,0.182,0.272,0.005
0.040,820.538,0.006,0.004,-1.656,-2.231,0.034,-0.199,0.002
11.088,65.691,0.036,0.270,-1.921,-2.468,0.118,-0.345,0.009
13.811,53.671,0.089,0.335,1.496,1.346,0.145,0.193,0.003
-99999.000,47.670,0.011,0.437,0.840,1.383,0.227,0.744,0.016
24.818,166.797,0.111,0.457,-1.056,-0.919,0.033,0.373,0.005
32.332,70.330,0.013,0.479,-2.042,-1.624,0.112,-0.548,0.008
6.879,110.702,0.462,0.138,-0.709,-1.139,0.224,0.677,0.032
0.396,49.015,0.013,0.340,1.407,1.701,0.087,0.254,0.002
-99999.000,163.242,0.089,0.039,-0.968,-0.578,0.101,0.356,0.006
319.834,718.976,0.058,0.167,1.489,1.716,0.078,0.173,0.004
11.732,90.191,0.002,0.391,-1.426,-1.496,0.048,0.044,0.003
0.116,52.196,0.010,0.393,-1.734,-2.116,0.279,-0.269,0.004
16.429,315.599,0.207,0.006,-2.531,-0.709,0.064,-0.682,0.013
98.960,419.304,0.160,0.017,-0.467,-0.897,0.057,0.814,0.064
24.184,206.526,0.009,0.388,-1.114,-1.210,0.076,0.349,0.003
30.799,340.168,0.047,0.340,-0.274,-0.460,0.445,0.850,0.276
6.984,86.483,0.089,0.094,1.611,1.791,0.054,0.047,0.005
18.966,998.048,0.000,0.104,-1.588,-1.932,0.299,-0.143,0.005
-99999.000,44.867,0.164,0.232,-2.662,-1.049,0.120,-0.877,0.014
8.590,883.540,0.740,0.119,-0.439,-0.736,0.035,0.805,0.011
30.223,27.521,0.438,0.323,0.287,2.914,0.152,0.558,0.011
7.294,56.910,0.588,0.410,1.181,1.844,0.289,0.440,0.013
0.313,158.045,0.000,0.081,-1.323,-1.137,0.091,0.160,0.004
29.701,186.087,0.260,0.025,1.605,1.588,0.185,0.071,0.007
3.585,164.590,0.006,0.200,1.373,1.987,0.079,0.242,0.002
-99999.000,153.891,0.009,0.032,-1.415,-1.654,0.077,0.042,0.003
31.903,44.658,0.059,0.206,-2.025,-1.350,0.158,-0.504,0.004
49.031,43.968,0.771,0.314,-0.149,-2.495,0.501,0.931,0.045
8.949,98.780,0.065,0.206,-0.935,-1.810,0.171,0.479,0.006
0.099,337.081,0.033,0.437,1.685,0.648,0.047,0.058,0.005
9.458,277.537,0.000,0.291,0.597,1.610,0.047,0.878,0.009
16.828,114.121,0.016,0.183,-1.294,-1.070,0.121,0.186,0.004
0.022,49.110,0.000,0.230,-0.720,-1.144,0.258,0.669,0.016
0.042,237.217,0.000,0.047,-1.506,-1.985,0.058,-0.070,0.004
9.221,61.536,0.000,0.278,-1.094,-1.435,0.064,0.368,0.004
13.692,172.575,0.035,0.155,1.411,1.996,0.147,0.207,0.003
10.979,228.567,0.018,0.020,-0.843,-1.797,0.180,0.558,0.005
42.432,27.563,0.034,0.233,0.500,0.611,0.247,0.804,0.111
20.278,42.008,0.011,0.493,0.718,1.399,0.229,0.820,0.012
8.313,125.680,0.124,0.149,-1.207,-1.150,0.336,0.264,0.008
29.656,117.510,0.054,0.075,0.940,1.814,0.027,0.642,0.009
0.170,146.055,0.000,0.267,0.834,2.009,0.136,0.678,0.010
19.338,33.095,0.028,0.417,-1.116,-2.078,0.116,0.269,0.001
-99999.000,27.650,0.234,0.035,1.497,0.370,0.279,0.139,0.008
-99999.000,58.997,0.120,0.015,-1.365,-1.710,0.179,0.087,0.009
11.770,276.364,0.034,0.007,-1.551,-1.558,0.189,-0.085,0.005
15.344,225.230,0.034,0.014,-0.900,-1.364,0.289,0.539,0.006
69.210,45.448,0.027,0.235,-1.238,-2.231,0.123,0.133,0.002
50.527,251.708,0.021,0.027,-1.968,-1.185,0.172,-0.423,0.008
0.076,127.470,0.000,0.060,1.228,1.665,0.414,0.424,0.009
0.055,91.602,0.000,0.021,-1.984,-2.267,0.128,-0.442,0.015
24.680,113.575,0.116,0.221,-0.841,-2.282,0.259,0.447,0.008
61.298,996.832,0.001,0.049,-1.444,-1.726,0.033,0.008,0.003
0.177,162.856,0.000,0.212,-1.492,-1.525,0.104,-0.024,0.003
-99999.000,23.248,0.088,0.477,-0.979,-1.890,0.086,0.427,0.005
8.445,71.623,0.014,0.311,-1.282,-1.417,0.082,0.190,0.004
7.730,30.158,0.100,0.458,0.451,1.936,0.204,0.913,0.007
15.766,104.536,0.198,0.047,-0.987,-1.993,0.292,0.401,0.010
0.024,492.391,0.000,0.025,-1.201,-1.440,0.058,0.267,0.003
0.300,41.461,0.000,0.466,-2.000,-2.517,0.181,-0.378,0.004
151.073,207.159,0.009,0.147,-1.508,-1.695,0.055,-0.053,0.004
32.139,30.258,0.210,0.142,0.791,2.142,0.267,0.670,0.010
50.356,223.185,0.069,0.108,1.669,1.598,0.074,0.007,0.004
0.187,213.929,0.000,0.291,1.558,1.054,0.038,0.143,0.003
56.847,91.427,0.000,0.031,1.452,1.527,0.133,0.226,0.008
0.112,149.161,0.000,0.028,1.848,1.394,0.108,-0.153,0.004
14.185,135.271,0.033,0.090,2.290,1.455,0.160,-0.564,0.005
128.452,108.502,0.034,0.481,2.280,1.692,0.080,-0.570,0.006
-99999.000,116.545,0.143,0.295,-0.854,-2.293,0.121,0.432,0.006
11.775,1522.539,0.037,0.000,-1.436,-1.810,0.227,0.009,0.004
0.320,48.061,0.000,0.469,1.610,2.100,0.045,0.018,0.002
20.555,1511.329,0.003,0.002,-1.850,-1.385,0.022,-0.355,0.002
7.202,222.595,0.159,0.017,0.783,1.248,0.635,0.775,0.073
340.599,38.748,0.114,0.242,-1.355,-1.438,0.265,0.118,0.002
-99999.000,81.040,0.100,0.496,1.491,1.868,0.082,0.153,0.004
-99999.000,38.617,0.012,0.330,-1.313,-1.467,0.219,0.158,0.002
0.089,47.529,0.000,0.007,1.056,2.496,0.173,0.320,0.005
15.040,45.696,0.153,0.381,-2.585,-1.966,0.095,-0.894,0.013
22.312,247.070,0.047,0.005,-1.676,-1.916,0.158,-0.224,0.006
2.019,38.938,0.023,0.448,1.126,1.996,0.150,0.453,0.001
-99999.000,164.273,0.000,0.411,-0.555,-1.315,0.035,0.790,0.007
68.184,49.712,0.096,0.482,-1.113,-2.020,0.065,0.284,0.007
71.118,83.234,0.282,0.142,-1.065,-0.356,0.252,0.224,0.031
21.682,29.156,0.304,0.266,-1.148,-1.546,0.154,0.311,0.005
37.363,1219.179,0.000,0.000,0.594,2.127,0.075,0.806,0.013
0.233,136.315,0.025,0.120,0.892,0.810,0.131,0.614,0.026
-99999.000,84.934,0.027,0.230,-1.526,-1.933,0.162,-0.085,0.006
6.552,67.916,0.235,0.484,0.437,2.056,0.329,0.903,0.035
13.556,27.336,0.047,0.472,2.493,1.459,0.169,-0.718,0.006
16.361,134.412,0.024,0.183,-1.587,-1.395,0.109,-0.107,0.004
39.719,23.207,0.045,0.466,1.516,1.948,0.144,0.120,0.002
60.465,55.793,0.023,0.070,-2.016,-1.460,0.413,-0.512,0.025
19.076,280.340,0.066,0.097,-1.067,-2.811,0.094,0.067,0.006
88.253,14.198,0.037,0.219,-1.256,-2.005,0.179,0.156,0.004
170.424,94.757,0.214,0.333,-0.747,-1.715,0.181,0.644,0.024
180.231,139.316,0.012,0.341,-1.064,-2.161,0.164,0.296,0.006
45.230,53.794,0.007,0.027,-1.403,-2.234,0.267,-0.000,0.004
78.860,543.792,0.000,0.082,0.591,1.566,0.281,0.882,0.027
-99999.000,23.463,0.026,0.397,0.610,2.273,0.145,0.751,0.005
67.372,28.186,0.022,0.144,-1.588,-1.322,0.165,-0.100,0.002
18.096,29.528,0.818,0.217,-0.028,-0.120,0.140,0.981,0.099
25.861,39.942,0.068,0.190,-1.004,-2.249,0.170,0.321,0.002
69.949,85.819,0.020,0.347,-1.471,-1.244,0.063,0.019,0.008
0.366,66.437,0.000,0.019,-0.070,-0.063,0.520,0.716,0.187
23.864,335.726,0.585,0.015,-1.404,-1.622,0.071,0.056,0.008
0.231,1016.576,0.000,0.064,-1.709,-1.388,0.096,-0.224,0.004
0.079,249.519,0.000,0.105,1.123,1.451,0.100,0.530,0.003
-99999.000,79.523,0.043,0.130,-1.684,-1.589,0.400,-0.218,0.012
26.975,107.345,0.007,0.143,-1.544,-1.968,0.153,-0.104,0.006
112.853,120.386,0.078,0.333,-1.287,-1.915,0.315,0.140,0.007
-99999.000,107.648,0.030,0.037,1.824,1.770,0.145,-0.158,0.004
15.946,371.087,0.018,0.007,-1.628,-1.268,0.162,-0.132,0.005
4.255,110.314,0.109,0.283,0.911,1.404,0.394,0.696,0.030
44.508,29.444,0.150,0.320,0.966,0.629,0.175,0.490,0.004
-99999.000,161.088,0.211,0.391,1.412,0.212,0.172,0.133,0.008
46.931,61.776,0.175,0.066,2.031,2.940,0.172,-0.154,0.006
9.427,255.592,0.047,0.165,0.511,0.888,0.064,0.881,0.067
-99999.000,21.739,0.015,0.022,-1.882,-1.878,0.304,-0.410,0.009
24.509,31.309,0.038,0.103,-1.283,-1.309,0.132,0.194,0.002
4.560,123.875,0.338,0.237,-1.853,-0.781,0.313,-0.216,0.013
5.613,85.959,0.029,0.120,-1.213,-2.204,0.137,0.159,0.008
0.177,163.052,0.000,0.295,0.116,3.122,0.019,0.091,0.002
12.747,72.113,0.009,0.152,-1.734,-1.579,0.569,-0.267,0.016
0.084,421.493,0.000,0.109,0.039,3.121,0.058,0.401,0.003
14.811,1297.281,0.000,0.013,1.619,1.388,0.115,0.072,0.006
90.138,344.927,0.198,0.143,1.559,1.564,0.045,0.118,0.008
41.977,436.806,0.021,0.205,-0.480,-2.893,0.105,0.330,0.004
7.498,356.015,0.245,0.256,0.546,1.504,0.022,0.904,0.008
42.151,35.015,0.179,0.107,1.732,1.332,0.146,-0.034,0.003
52.963,88.496,0.023,0.216,-1.997,-1.603,0.100,-0.509,0.020
19.314,2795.817,0.005,0.016,0.803,1.918,0.021,0.720,0.013
67.901,79.201,0.011,0.405,-0.370,-0.494,0.690,0.779,0.434
394.790,543.589,0.571,0.040,0.413,2.624,0.151,0.731,0.020
12.784,40.816,0.014,0.296,-1.286,-2.057,0.192,0.122,0.002
22.318,26.170,0.225,0.403,-0.571,-2.182,0.121,0.698,0.007
14.953,76.185,0.043,0.177,-1.833,-1.311,0.324,-0.329,0.010
7.907,734.743,0.000,0.003,-1.574,-0.373,0.267,0.034,0.004
40.036,198.817,0.004,0.023,1.190,1.865,0.107,0.428,0.003
56.478,511.861,0.057,0.387,-1.615,-2.740,0.090,-0.131,0.004
-99999.000,147.055,0.053,0.407,-1.274,-1.387,0.107,0.200,0.004
-99999.000,181.477,0.012,0.074,-1.425,-1.375,0.071,0.054,0.004
0.094,38.094,0.000,0.000,-2.582,-0.780,0.219,-0.752,0.010
68.141,111.811,0.000,0.292,-1.763,-1.663,0.249,-0.300,0.008
9.847,88.106,0.023,0.401,-1.253,-1.461,0.339,0.216,0.006
0.167,157.524,0.014,0.011,-1.560,-1.458,0.059,-0.085,0.005
0.236,36.779,0.000,0.182,-1.848,-1.526,0.234,-0.370,0.005
37.945,22.675,0.031,0.381,-1.170,-1.640,0.202,0.283,0.002
9.357,64.928,0.113,0.318,2.533,1.045,0.066,-0.689,0.011
82.427,59.690,0.014,0.217,-1.319,-1.220,0.288,0.162,0.004
0.127,27.949,0.000,0.082,-2.787,-1.383,0.375,-0.959,0.021
-99999.000,89.840,0.055,0.042,-1.458,-1.416,0.186,0.018,0.009
117.670,19.390,0.450,0.332,0.530,1.628,0.507,0.906,0.029
111.731,25.974,0.034,0.188,-1.051,-1.192,0.148,0.404,0.003
-99999.000,308.326,0.010,0.170,-0.729,-1.777,0.069,0.651,0.009
1.298,124.227,0.027,0.027,1.186,1.677,0.276,0.460,0.006
14.480,89.791,0.026,0.058,1.333,1.750,0.199,0.318,0.006
58.910,562.176,0.002,0.443,-1.329,-1.522,0.113,0.138,0.003
10.847,89.547,0.006,0.362,-0.745,-3.025,0.104,0.034,0.003
23.697,324.300,0.023,0.065,-1.431,-1.835,0.297,0.011,0.006
0.119,52.254,0.000,0.066,0.735,1.912,0.642,0.766,0.047
44.607,32.155,0.448,0.376,0.085,2.955,0.150,0.877,0.022
138.564,34.128,0.012,0.074,1.404,1.981,0.217,0.216,0.002
118.850,132.375,0.011,0.247,-1.510,-0.358,0.025,0.058,0.007
12.921,140.584,0.000,0.003,1.700,1.440,0.183,-0.012,0.004
10.147,233.302,0.008,0.462,-1.061,-0.269,0.006,0.193,0.003
38.660,180.455,0.392,0.314,-1.105,-0.638,0.056,0.285,0.016
10.909,37.170,0.016,0.354,1.077,1.965,0.105,0.502,0.001
0.132,39.147,0.000,0.027,-2.037,-2.073,0.231,-0.520,0.008
40.504,60.489,0.012,0.123,1.648,2.045,0.171,-0.010,0.004
0.072,92.122,0.000,0.328,-0.548,-2.391,0.050,0.652,0.007
15.895,177.142,0.068,0.015,-0.219,-0.492,0.125,0.905,0.364
-99999.000,78.826,0.326,0.253,-0.306,-0.513,0.128,0.842,0.265
12.452,1712.526,0.383,0.000,0.428,1.099,0.683,0.942,0.067
45.436,84.968,0.078,0.033,-0.994,-1.717,0.387,0.439,0.015
24.642,95.712,0.180,0.480,-1.022,-0.275,0.108,0.209,0.011
8.601,89.139,0.983,0.063,0.431,0.744,0.270,0.893,0.692
12.809,305.397,0.016,0.004,1.553,1.369,0.323,0.138,0.005
13.325,30.027,0.159,0.150,-1.219,-0.864,0.415,0.238,0.017
-99999.000,46.327,0.048,0.379,-1.235,-1.631,0.161,0.221,0.003
0.134,45.927,0.000,0.026,2.199,2.001,0.440,-0.493,0.025
79.708,92.819,0.006,0.099,-2.085,-1.115,0.385,-0.503,0.016
5.025,1064.283,0.009,0.296,0.824,1.689,0.079,0.742,0.010
22.410,293.236,0.009,0.189,-1.400,-1.464,0.206,0.072,0.004
97.584,22.328,0.099,0.193,1.312,2.021,0.176,0.290,0.004
-99999.000,95.666,0.025,0.153,-2.307,-0.588,0.133,-0.439,0.006
76.999,27.718,0.077,0.468,1.711,1.409,0.092,-0.020,0.003
56.062,29.461,0.142,0.232,1.138,1.885,0.196,0.469,0.002
7.160,43.723,0.649,0.202,1.475,0.722,0.313,0.192,0.008
119.744,136.030,0.039,0.203,1.240,1.409,0.057,0.429,0.007
3.707,881.149,0.001,0.011,-1.560,-1.739,0.359,-0.107,0.005
21.141,693.484,0.000,0.391,-0.782,-1.167,0.014,0.625,0.004
9.387,301.057,0.000,0.017,-1.417,-2.325,0.164,-0.019,0.005
5.290,46.171,0.087,0.230,1.175,1.461,0.264,0.486,0.004
65.947,28.964,0.020,0.426,0.943,1.263,0.088,0.667,0.008
30.647,104.234,0.233,0.487,0.058,2.932,0.489,0.940,0.027
87.885,84.143,0.076,0.205,-1.331,-2.152,0.064,0.069,0.027
10.743,129.401,0.103,0.146,1.299,1.293,0.272,0.377,0.006
36.816,122.458,0.113,0.042,1.303,1.633,0.103,0.360,0.005
120.573,136.277,0.813,0.106,2.886,2.964,0.129,-0.604,0.048
78.606,681.559,0.024,0.329,-1.557,-1.486,0.109,-0.085,0.002
8.087,68.654,0.197,0.447,-0.585,-1.949,0.032,0.733,0.011
0.137,607.378,0.000,0.068,0.353,2.769,0.127,0.671,0.009
15.295,37.952,0.098,0.265,-0.881,-1.483,0.232,0.553,0.003
60.614,64.913,0.544,0.158,0.479,2.439,0.293,0.778,0.052
0.007,85.032,0.000,0.119,1.832,0.755,0.082,-0.050,0.005
0.024,392.852,0.000,0.440,-1.398,-0.721,0.021,0.103,0.003
59.546,103.791,0.007,0.015,-1.763,-1.465,0.104,-0.284,0.006
-99999.000,184.487,0.015,0.142,-1.856,-1.714,0.084,-0.388,0.009
173.893,247.860,0.000,0.456,1.533,1.415,0.016,0.154,0.006
31.297,38.550,0.099,0.371,1.277,2.126,0.089,0.294,0.002
48.196,174.690,0.079,0.480,0.503,1.968,0.254,0.886,0.012
35.176,23.822,0.040,0.245,-1.238,-1.953,0.269,0.181,0.002
51.923,324.871,0.005,0.153,-1.594,-1.631,0.035,-0.133,0.003
4.314,856.988,0.000,0.475,1.271,1.521,0.233,0.398,0.004
36.774,20.854,0.034,0.319,-0.644,-2.207,0.223,0.634,0.004
5.687,88.627,0.024,0.451,1.426,1.809,0.573,0.222,0.012
0.090,96.301,0.026,0.452,-1.433,-1.754,0.106,0.017,0.003
39.354,182.058,0.014,0.394,-1.229,-1.764,0.112,0.214,0.004
81.995,61.126,0.003,0.128,-1.377,-1.333,0.125,0.102,0.003
43.756,145.040,0.013,0.340,-1.478,-1.844,0.054,-0.035,0.004
0.102,59.859,0.025,0.451,1.576,0.665,0.027,0.125,0.004
17.516,486.455,0.083,0.042,1.524,1.552,0.396,0.154,0.004
7.710,39.208,0.018,0.082,1.690,1.232,0.308,0.014,0.003
132.751,33.965,0.049,0.179,-1.056,-2.020,0.231,0.334,0.002
56.056,97.417,0.017,0.068,-1.050,-1.550,0.224,0.403,0.007
0.177,32.713,0.096,0.274,-1.020,-1.328,0.338,0.435,0.005
0.063,219.896,0.000,0.000,0.309,0.484,0.553,0.885,0.562
41.175,43.587,0.025,0.357,-0.928,-0.956,0.494,0.482,0.014
20.182,74.595,0.075,0.301,-1.971,-2.079,0.128,-0.466,0.015
22.699,33.181,0.656,0.347,-0.367,-2.554,0.192,0.743,0.010
4.265,79.931,0.022,0.196,-1.234,-1.678,0.194,0.218,0.008
11.418,542.588,0.110,0.007,1.050,1.763,0.021,0.564,0.003
-99999.000,82.039,0.019,0.236,1.630,1.760,0.400,0.031,0.005
0.124,475.540,0.000,0.245,-1.737,-2.102,0.074,-0.272,0.003
9.137,34.460,0.093,0.086,-1.245,-0.368,0.247,0.155,0.003
15.660,77.276,0.220,0.333,-1.768,-1.243,0.093,-0.258,0.009
4.166,771.995,0.020,0.008,-1.325,-1.444,0.224,0.147,0.004
32.667,438.348,0.071,0.010,1.320,0.787,0.078,0.306,0.006
6.353,361.944,0.020,0.004,-1.327,-2.116,0.216,0.077,0.004
73.044,482.073,0.015,0.295,0.960,1.558,0.162,0.656,0.014
17.523,11.433,0.050,0.492,1.619,1.561,0.320,0.059,0.003
1.230,16.497,0.032,0.443,-0.301,-2.798,0.200,0.655,0.005
20.296,100.608,0.045,0.428,-1.487,-1.792,0.104,-0.040,0.003
72.610,376.938,0.000,0.407,-1.491,-1.573,0.081,-0.027,0.003
14.399,31.272,0.027,0.095,-1.149,-1.240,0.243,0.318,0.002
40.916,30.028,0.037,0.243,-2.010,-1.725,0.255,-0.523,0.004
39.903,1867.997,0.726,0.152,-0.509,-1.613,0.451,0.812,0.064
0.111,36.612,0.000,0.130,-0.902,-0.767,0.488,0.462,0.012
160.538,74.930,0.083,0.464,-3.109,-2.996,0.350,-0.988,0.202
11.867,115.714,0.906,0.121,1.934,1.839,0.435,-0.265,0.023
0.083,75.159,0.000,0.119,0.539,1.001,0.495,0.884,0.171
15.369,92.821,0.011,0.308,2.355,1.556,0.506,-0.624,0.066
172.640,157.364,0.019,0.183,-1.880,-1.136,0.086,-0.337,0.011
0.251,179.380,0.000,0.002,2.155,0.727,0.313,-0.280,0.007
22.467,375.898,0.016,0.084,-0.768,-1.710,0.617,0.628,0.021
-99999.000,122.526,0.006,0.371,0.774,1.119,0.195,0.767,0.026
0.091,64.645,0.000,0.456,0.958,1.458,0.378,0.661,0.043
0.042,194.840,0.067,0.488,0.566,1.519,0.035,0.895,0.007
46.019,112.137,0.905,0.146,0.023,3.028,0.287,0.958,0.088
5.941,38.077,0.111,0.229,1.711,1.395,0.182,-0.020,0.002
9.407,30.485,0.015,0.472,-0.927,-1.918,0.151,0.468,0.002
76.314,33.523,0.004,0.183,-1.620,-1.167,0.142,-0.111,0.002
15.141,450.041,0.583,0.161,-0.622,-0.842,0.073,0.696,0.016
4.307,79.233,0.013,0.049,0.950,2.441,0.288,0.422,0.008
20.543,1045.219,0.998,0.023,0.363,2.607,0.408,0.787,0.017
18.111,291.469,0.000,0.447,-1.959,-1.529,0.139,-0.470,0.003
6.287,34.714,0.180,0.077,-1.553,-2.121,0.611,-0.117,0.012
48.680,4673.749,0.000,0.040,0.951,2.732,0.093,0.242,0.004
51.835,477.973,0.000,0.004,1.532,1.695,0.200,0.133,0.004
91.488,143.358,0.007,0.082,-1.274,-1.232,0.160,0.204,0.009
29.417,160.406,0.000,0.482,-1.603,-1.697,0.351,-0.147,0.009
6.014,396.241,0.155,0.031,-2.556,-0.833,0.150,-0.755,0.019
15.070,91.301,0.008,0.446,-1.362,-1.116,0.024,0.126,0.003
-99999.000,35.284,0.070,0.267,-1.332,-1.770,0.128,0.114,0.003
14.460,52.474,0.819,0.173,0.030,0.096,0.443,0.973,0.500
0.045,45.592,0.000,0.134,1.826,1.826,0.152,-0.163,0.003
13.307,75.013,0.016,0.285,0.167,0.365,0.385,0.944,0.344
6.038,62.218,0.016,0.074,-0.694,-1.301,0.607,0.698,0.027
7.995,42.004,0.169,0.154,0.095,0.156,0.396,0.894,0.228
13.933,213.000,0.003,0.035,-1.594,-1.134,0.110,-0.083,0.003
-99999.000,234.085,0.337,0.158,0.718,1.798,0.472,0.795,0.032
22.556,232.117,0.085,0.020,-0.821,-2.046,0.206,0.532,0.007
13.654,76.033,0.124,0.289,1.087,0.337,0.230,0.278,0.008
-99999.000,82.827,0.070,0.435,1.521,1.598,0.191,0.153,0.004
230.691,26.648,0.031,0.172,-0.899,-1.193,0.210,0.533,0.003
0.342,247.144,0.000,0.485,-1.373,-1.680,0.136,0.082,0.004
27.929,204.316,0.065,0.365,-0.892,-2.847,0.066,0.122,0.008
102.939,26.042,0.034,0.263,1.130,1.928,0.221,0.466,0.003
25.468,147.361,0.006,0.138,-1.249,-2.060,0.285,0.154,0.005
14.922,235.578,0.292,0.016,-0.769,-1.460,0.441,0.643,0.058
18.483,91.280,0.010,0.478,-1.284,-1.028,0.175,0.194,0.008
0.797,153.249,0.061,0.422,1.310,1.785,0.106,0.334,0.002
14.599,508.979,0.130,0.001,0.304,1.610,0.641,0.977,0.016
73.428,157.557,0.018,0.209,1.023,0.338,0.047,0.304,0.009
181.634,355.025,0.056,0.044,1.605,1.511,0.111,0.077,0.011
5.837,159.634,0.000,0.040,1.429,0.751,0.224,0.226,0.005
3.810,92.974,0.013,0.081,-1.420,-1.855,0.323,0.020,0.007
56.186,30.180,0.302,0.433,2.863,0.526,0.101,-0.801,0.007
0.248,153.359,0.183,0.133,1.014,1.589,0.129,0.612,0.011
6.798,353.843,0.164,0.029,1.571,1.831,0.123,0.082,0.004
93.578,635.089,0.000,0.360,-1.473,-1.501,0.067,-0.003,0.004
23.036,24.350,0.173,0.084,2.742,2.506,0.171,-0.808,0.026
7.613,32.681,0.044,0.412,1.058,1.495,0.274,0.583,0.004
51.185,545.282,0.015,0.280,1.561,1.491,0.110,0.122,0.003
0.176,190.842,0.000,0.341,1.763,1.788,0.104,-0.100,0.002
94.059,246.245,0.007,0.033,-1.475,-1.661,0.028,-0.018,0.006
8.500,44.864,0.366,0.151,-0.104,-2.714,0.510,0.933,0.082
0.184,110.328,0.000,0.267,-1.223,-1.873,0.102,0.207,0.004
133.710,17.439,0.018,0.239,-1.180,-1.300,0.198,0.290,0.002
-99999.000,87.736,0.045,0.010,0.999,1.386,0.237,0.630,0.037
59.881,38.804,0.029,0.060,2.255,2.494,0.327,-0.437,0.005
6.604,43.565,0.075,0.286,1.250,1.264,0.259,0.418,0.004
67.730,55.356,0.128,0.363,-1.712,-1.266,0.249,-0.210,0.005
0.064,38.102,0.090,0.361,1.806,1.470,0.288,-0.119,0.002
17.552,312.917,0.243,0.166,-0.072,-2.786,0.381,0.949,0.065
0.023,3109.292,0.000,0.002,1.392,2.442,0.047,0.123,0.003
27.129,26.588,0.186,0.340,-0.926,-1.707,0.157,0.499,0.004
28.884,83.342,0.022,0.323,-1.450,-1.223,0.104,0.040,0.006
53.121,56.577,0.123,0.199,-1.130,-2.098,0.134,0.253,0.005
47.340,65.975,0.077,0.498,-1.374,-1.351,0.166,0.104,0.010
33.646,17.254,0.075,0.415,-0.570,-2.077,0.231,0.722,0.005
6.098,79.291,0.041,0.417,-1.867,-1.745,0.129,-0.399,0.009
12.680,97.571,0.000,0.068,-1.411,-1.285,0.120,0.073,0.004
0.139,344.349,0.008,0.246,0.553,1.808,0.244,0.882,0.019
11.909,62.827,0.075,0.038,-2.604,-0.833,0.207,-0.788,0.030
166.910,67.552,0.008,0.323,-1.410,-2.122,0.062,0.005,0.004
18.519,113.917,0.071,0.035,0.754,1.370,0.283,0.799,0.050
6.894,406.801,0.066,0.258,1.041,0.570,0.074,0.417,0.007
10.356,315.052,0.099,0.002,-1.139,-1.599,0.296,0.316,0.005
-99999.000,238.431,0.016,0.478,-1.687,-1.629,0.047,-0.225,0.005
10.536,87.134,0.116,0.153,-2.041,-1.205,0.192,-0.489,0.018
0.208,271.611,0.000,0.004,1.431,1.769,0.067,0.223,0.003
5.320,3296.279,0.000,0.000,-0.630,-2.012,0.533,0.690,0.027
-99999.000,138.088,0.021,0.435,1.122,1.427,0.089,0.532,0.003
10.319,305.199,0.000,0.464,-1.425,-1.465,0.170,0.047,0.003
65.283,315.482,0.877,0.138,1.653,1.548,0.080,0.027,0.008
70.086,102.978,0.267,0.293,-1.196,-1.204,0.107,0.276,0.020
89.473,273.301,0.011,0.052,-1.448,-1.046,0.024,0.053,0.009
95.056,43.587,0.141,0.115,-2.114,-1.044,0.378,-0.505,0.014
62.079,80.423,0.106,0.211,-0.414,-0.967,0.371,0.855,0.120
9.348,157.043,0.020,0.389,1.513,1.471,0.465,0.170,0.011
31.940,24.290,0.080,0.472,-1.280,-0.413,0.132,0.148,0.004
75.771,202.813,0.012,0.140,-1.542,-1.397,0.042,-0.063,0.005
21.127,67.853,0.037,0.049,-1.672,-0.993,0.265,-0.130,0.006
13.785,839.062,0.000,0.006,1.257,1.866,0.216,0.369,0.003
41.420,83.550,0.015,0.339,-2.308,-1.683,0.097,-0.749,0.012
32.587,42.911,0.015,0.311,-1.048,-1.441,0.102,0.409,0.002
0.375,1506.812,0.000,0.040,-1.750,-1.594,0.098,-0.283,0.003
-99999.000,257.817,0.437,0.062,0.504,1.967,0.037,0.885,0.008
23.231,30.454,0.001,0.182,-1.758,-1.730,0.643,-0.298,0.014
13.977,164.602,0.012,0.473,-1.174,-1.454,0.087,0.292,0.005
8.431,45.946,0.004,0.227,0.758,2.570,0.524,0.484,0.011
-99999.000,38.674,0.011,0.433,-0.768,-2.286,0.073,0.506,0.002
228.167,738.327,0.004,0.012,-1.452,-1.209,0.040,0.039,0.004
185.758,11.403,0.069,0.072,-0.599,-1.579,0.319,0.758,0.011
13.222,130.824,0.011,0.025,-1.313,-1.338,0.042,0.164,0.004
112.021,127.490,0.026,0.276,-2.674,-2.627,0.102,-0.779,0.063
16.507,16.397,0.000,0.007,0.640,2.504,0.240,0.619,0.010
49.841,74.983,0.023,0.224,1.566,1.795,0.121,0.091,0.004
36.007,46.974,0.052,0.177,-0.938,-1.952,0.149,0.452,0.003
52.982,399.637,0.012,0.045,-1.097,-2.128,0.068,0.274,0.004
109.493,85.671,0.038,0.031,1.565,2.297,0.268,0.032,0.012
0.510,24.394,0.000,0.426,-1.572,-1.996,0.226,-0.131,0.002
0.143,33.729,0.000,0.002,-1.750,-1.969,0.275,-0.290,0.003
35.006,50.978,0.052,0.484,1.398,0.889,0.164,0.264,0.005
26.141,81.645,0.114,0.438,1.141,1.752,0.199,0.489,0.005
234.915,561.950,0.009,0.035,-1.585,-1.479,0.023,-0.112,0.004
-99999.000,80.942,0.014,0.145,-1.559,-1.936,0.417,-0.117,0.018
7.935,32.072,0.012,0.238,-1.143,-1.986,0.107,0.262,0.002
40.251,221.810,0.006,0.406,-1.145,-2.776,0.033,0.048,0.003
169.575,35.213,0.005,0.436,-1.414,-1.132,0.119,0.078,0.002
14.577,32.612,0.235,0.315,0.982,1.114,0.167,0.621,0.008
9.561,84.316,0.006,0.471,-1.537,-1.742,0.037,-0.085,0.006
26.392,109.245,0.096,0.192,-0.379,-2.575,0.239,0.722,0.020
16.268,194.968,0.017,0.102,-1.319,-1.453,0.099,0.152,0.004
-99999.000,748.507,0.702,0.018,0.842,2.129,0.053,0.637,0.004
72.673,185.526,0.013,0.156,-1.133,-1.456,0.166,0.331,0.006
12.302,100.693,0.000,0.379,2.559,1.316,0.048,-0.750,0.004
9.368,1166.095,0.000,0.006,-1.095,-1.613,0.213,0.356,0.004
9.537,73.326,0.770,0.022,-0.083,-2.964,0.250,0.856,0.075
4.708,91.564,0.001,0.435,-2.666,-2.330,0.233,-0.884,0.115
0.283,149.026,0.000,0.105,-1.547,-0.399,0.518,0.041,0.018
0.853,80.746,0.047,0.189,-0.584,-0.786,0.236,0.711,0.029
8.171,38.360,0.046,0.091,-1.268,-1.846,0.173,0.167,0.002
14.976,33.468,0.054,0.229,0.794,0.481,0.207,0.518,0.002
13.416,30.243,0.002,0.435,-1.711,-1.411,0.234,-0.229,0.001
6.335,63.588,0.022,0.490,2.731,0.442,0.123,-0.611,0.013
58.682,124.194,0.018,0.062,-2.087,-1.800,0.126,-0.586,0.018
51.486,487.161,0.004,0.078,-1.513,-1.883,0.009,-0.070,0.004
10.970,52.536,0.148,0.275,-0.316,-2.708,0.310,0.711,0.015
77.216,33.578,0.019,0.498,0.985,1.243,0.118,0.634,0.008
100.928,84.770,0.015,0.445,-1.544,-1.600,0.127,-0.082,0.009
13.107,19.480,0.090,0.256,-1.614,-2.240,0.180,-0.166,0.002
28.788,37.445,0.106,0.191,-2.355,-1.867,0.130,-0.774,0.006
55.624,453.752,0.000,0.025,0.690,1.374,0.215,0.835,0.069
26.201,33.268,0.120,0.492,-2.964,-0.679,0.136,-0.954,0.008
13.474,21.914,0.025,0.014,-1.187,-1.805,0.207,0.249,0.002
0.074,163.468,0.028,0.324,1.521,1.500,0.038,0.161,0.002
56.733,102.154,0.039,0.493,-1.237,-1.956,0.237,0.181,0.008
44.176,239.328,0.000,0.004,1.236,1.536,0.180,0.428,0.004
67.911,1355.812,0.102,0.007,-1.108,-0.726,0.096,0.301,0.006
45.131,310.664,0.002,0.002,-1.367,-1.844,0.128,0.073,0.003
7.494,215.809,0.000,0.104,-1.758,-1.812,0.070,-0.300,0.005
0.130,87.166,0.000,0.028,1.266,2.126,0.288,0.303,0.009
21.718,490.865,0.109,0.007,1.312,1.655,0.039,0.349,0.003
0.318,18.739,0.000,0.015,2.345,2.415,0.324,-0.530,0.008
-99999.000,34.182,0.009,0.198,-1.248,-1.526,0.211,0.216,0.003
-99999.000,44.393,0.036,0.332,0.819,0.562,0.461,0.553,0.016
26.005,47.701,0.140,0.492,-0.701,-0.923,0.081,0.654,0.008
0.098,347.982,0.000,0.000,-1.806,-1.377,0.060,-0.314,0.005
0.149,118.986,0.020,0.189,-0.986,-1.472,0.288,0.463,0.006
27.205,43.150,0.027,0.305,0.620,1.800,0.239,0.850,0.005
50.686,43.026,0.169,0.337,0.664,2.122,0.151,0.763,0.008
16.177,282.730,0.289,0.027,1.610,2.737,0.066,-0.046,0.004
-99999.000,79.941,0.016,0.433,-0.630,-1.845,0.064,0.716,0.011
45.693,571.866,0.004,0.017,-1.375,-0.459,0.041,0.110,0.004
108.714,78.968,0.027,0.185,-1.498,-1.168,0.145,0.000,0.009
258.818,129.964,0.015,0.493,-1.498,-0.504,0.027,0.053,0.009
52.324,41.990,0.148,0.173,0.423,1.718,0.581,0.941,0.021
9.507,42.950,0.065,0.172,1.779,1.467,0.155,-0.092,0.004
13.540,73.310,0.348,0.040,-0.724,-1.225,0.369,0.672,0.037
36.578,205.803,0.008,0.352,-1.457,-0.714,0.053,0.064,0.003
0.022,76.326,0.000,0.005,1.360,0.196,0.243,0.139,0.014
65.023,66.663,0.049,0.047,-2.062,-1.484,0.498,-0.554,0.031
10.123,60.218,0.041,0.445,-0.696,-1.989,0.179,0.644,0.008
41.702,28.447,0.085,0.151,-2.126,-0.973,0.463,-0.491,0.022
8.898,19.100,0.037,0.202,-1.651,-1.589,0.375,-0.186,0.005
0.096,1260.352,0.000,0.000,1.239,2.277,0.293,0.280,0.004
26.012,45.553,0.401,0.112,0.522,0.569,0.208,0.767,0.123
-99999.000,261.680,0.014,0.012,-1.158,-1.821,0.160,0.274,0.006
34.590,162.062,0.031,0.232,-1.327,-2.716,0.087,-0.014,0.005
58.104,137.229,0.396,0.412,-0.304,-0.500,0.063,0.839,0.281
0.183,5.909,0.037,0.313,0.031,0.091,0.510,0.968,0.196
-99999.000,34.874,0.139,0.111,-2.071,-1.246,0.124,-0.523,0.004
0.166,139.561,0.000,0.012,1.759,1.486,0.228,-0.075,0.005
0.207,44.539,0.000,0.140,0.876,1.905,0.078,0.672,0.008
5.401,959.274,0.247,0.005,0.707,1.194,0.197,0.816,0.049
45.393,53.678,0.086,0.067,-0.637,-0.665,0.317,0.632,0.017
39.413,55.216,0.106,0.254,-1.645,-2.057,0.123,-0.195,0.004
40.708,34.990,0.289,0.230,0.133,3.106,0.196,0.183,0.007
21.589,153.592,0.036,0.417,-1.233,-1.687,0.151,0.218,0.004
19.177,238.235,0.026,0.022,1.078,1.174,0.470,0.555,0.026
93.805,82.844,0.000,0.351,-1.713,-1.530,0.489,-0.242,0.037
-99999.000,61.066,0.075,0.246,-1.160,-2.021,0.175,0.241,0.006
0.608,69.326,0.000,0.259,-0.548,-3.118,0.058,-0.043,0.004
-99999.000,199.082,0.045,0.285,0.499,1.998,0.268,0.883,0.020
66.635,38.544,0.057,0.497,-0.494,-2.549,0.122,0.627,0.003
18.547,57.436,0.031,0.437,-1.968,-1.914,0.126,-0.482,0.005
0.108,288.997,0.000,0.006,0.593,0.532,0.229,0.693,0.079
-99999.000,23.372,0.026,0.203,1.428,2.009,0.201,0.190,0.003
-99999.000,29.341,0.208,0.458,-2.511,-1.825,0.119,-0.865,0.007
64.946,157.072,0.030,0.256,-1.098,-1.679,0.092,0.347,0.006
0.235,148.416,0.000,0.449,1.285,0.605,0.033,0.287,0.005
0.186,48.490,0.000,0.040,1.688,1.725,0.328,-0.023,0.006
5.956,70.660,0.000,0.009,1.041,2.146,0.295,0.478,0.012
15.565,59.481,0.091,0.103,-1.248,-2.101,0.234,0.148,0.007
15.054,40.722,0.014,0.257,-1.641,-1.327,0.221,-0.151,0.002
4.955,33.847,0.051,0.371,-1.562,-1.114,0.083,-0.052,0.002
30.687,33.655,0.448,0.084,0.187,0.217,0.206,0.811,0.249
0.050,464.008,0.122,0.063,1.554,2.244,0.006,0.046,0.002
10.198,115.115,0.809,0.192,-0.002,-3.138,0.483,0.818,0.043
27.928,28.206,0.045,0.357,1.405,1.291,0.172,0.280,0.002
51.103,205.215,0.036,0.078,-1.201,-1.917,0.119,0.221,0.005
42.495,135.470,0.015,0.398,-1.701,-1.475,0.091,-0.226,0.004
8.359,265.281,0.000,0.021,-1.794,-1.364,0.143,-0.301,0.005
-99999.000,216.643,0.145,0.414,-1.569,-1.594,0.067,-0.107,0.004
89.953,82.592,0.041,0.143,-1.017,-1.799,0.142,0.408,0.017
52.485,106.614,0.058,0.136,-1.219,-2.163,0.167,0.163,0.007
0.123,92.705,0.000,0.115,-2.052,-1.706,0.189,-0.558,0.017
50.328,46.617,0.129,0.123,-1.223,-0.486,0.167,0.185,0.004
238.177,198.922,0.100,0.021,-1.275,-2.432,0.202,0.066,0.010
156.305,93.396,0.010,0.186,-2.184,-1.295,0.317,-0.622,0.024
20.921,152.753,0.009,0.282,-1.207,-1.759,0.056,0.236,0.004
20.242,387.609,0.000,0.000,1.721,1.673,0.227,-0.051,0.003
15.620,39.779,0.046,0.042,-1.675,-0.896,0.190,-0.114,0.002
1.050,147.399,0.065,0.037,1.040,1.117,0.134,0.577,0.019
30.930,81.128,0.013,0.245,-1.814,-1.327,0.110,-0.314,0.006
-99999.000,40.412,0.114,0.176,-1.262,-1.873,0.214,0.169,0.004
0.112,150.110,0.000,0.001,-1.544,-0.926,0.161,-0.016,0.004
0.029,172.347,0.022,0.432,1.563,1.693,0.012,0.104,0.002
0.197,51.569,0.020,0.348,0.391,1.645,0.393,0.954,0.021
6.180,1042.683,0.986,0.013,-1.070,-1.067,0.312,0.379,0.027
9.492,119.218,0.022,0.197,1.051,1.412,0.079,0.590,0.010
51.129,101.044,0.281,0.326,0.877,1.064,0.054,0.689,0.042
9.506,242.625,0.029,0.008,-1.210,-1.804,0.126,0.228,0.004
2.250,81.365,0.000,0.233,-2.181,-2.563,0.129,-0.470,0.010
0.135,19.127,0.076,0.335,-1.550,-1.156,0.182,-0.046,0.003
1.660,59.379,0.037,0.336,2.091,0.613,0.096,-0.190,0.006
74.233,63.657,0.052,0.378,-1.845,-1.320,0.157,-0.341,0.005
81.894,23.721,0.068,0.447,-1.126,-1.761,0.174,0.312,0.002
100.899,25.955,0.068,0.059,-1.127,-1.180,0.272,0.336,0.005
5.339,29.218,0.017,0.397,0.353,1.540,0.340,0.968,0.009
41.334,36.949,0.010,0.397,1.616,0.771,0.176,0.099,0.002
31.274,205.869,0.020,0.112,-1.518,-1.587,0.149,-0.055,0.006
25.964,1177.341,0.533,0.000,-0.389,-0.641,0.122,0.817,0.058
37.781,15.580,0.013,0.310,2.094,1.562,0.521,-0.403,0.022
8.104,259.084,0.012,0.030,1.425,1.810,0.072,0.224,0.002
32.372,8.720,0.000,0.224,0.837,1.570,0.515,0.743,0.034
0.034,83.967,0.000,0.021,-0.677,-1.010,0.689,0.686,0.056
22.457,185.636,0.032,0.368,-1.383,-1.904,0.034,0.051,0.003
85.084,124.903,0.116,0.069,-1.859,-2.269,0.099,-0.348,0.039
16.103,299.360,0.039,0.010,-1.793,-1.376,0.331,-0.301,0.007
-99999.000,80.946,0.037,0.391,1.499,1.450,0.059,0.185,0.003
16.309,114.562,0.014,0.079,-1.616,-1.261,0.278,-0.120,0.005
45.578,102.304,0.036,0.401,1.676,1.604,0.342,-0.001,0.004
59.850,31.268,0.011,0.140,1.195,2.065,0.135,0.378,0.002
5.355,327.559,0.244,0.060,-0.429,-2.201,0.113,0.797,0.017
47.445,690.827,0.294,0.011,0.904,0.218,0.225,0.265,0.023
12.316,29.149,0.266,0.463,1.306,1.813,0.294,0.334,0.004
24.092,252.536,0.012,0.104,-0.892,-2.789,0.068,0.159,0.004
33.357,173.345,0.071,0.393,-1.702,-2.027,0.093,-0.246,0.006
145.358,28.824,0.007,0.127,-1.530,-2.154,0.248,-0.098,0.002
15.190,33.284,0.027,0.489,-1.362,-2.634,0.134,-0.018,0.002
21.044,124.032,0.038,0.075,-1.298,-1.362,0.136,0.177,0.005
85.810,39.786,0.000,0.041,-2.063,-1.095,0.231,-0.479,0.003
14.718,120.262,0.247,0.396,0.656,2.949,0.062,0.183,0.003
35.646,106.420,0.006,0.452,-1.786,-1.263,0.037,-0.278,0.003
86.127,307.494,0.000,0.018,-1.834,-1.685,0.054,-0.367,0.011
24.150,1405.892,0.000,0.468,-0.434,-2.225,0.002,0.789,0.008
34.976,74.576,0.022,0.139,-1.498,-1.734,0.164,-0.047,0.007
54.614,35.788,0.003,0.476,0.633,0.603,0.132,0.705,0.016
11.778,173.083,0.191,0.024,-1.010,-1.541,0.390,0.439,0.011
30.773,256.815,0.096,0.151,-1.618,-0.587,0.037,-0.019,0.005
-99999.000,43.484,0.090,0.151,0.841,2.214,0.402,0.608,0.012
6.846,400.872,0.045,0.010,-1.083,-0.608,0.145,0.292,0.004
16.159,43.240,0.031,0.088,-1.243,-1.066,0.187,0.230,0.003
17.189,28.730,0.221,0.371,0.003,3.110,0.322,0.978,0.023
101.506,134.977,0.010,0.490,-0.765,-2.290,0.127,0.508,0.008
65.486,119.131,0.008,0.095,-1.704,-1.146,0.212,-0.184,0.006
0.137,524.815,0.000,0.027,1.005,1.294,0.132,0.622,0.012
59.512,25.130,0.006,0.436,-1.541,-1.387,0.172,-0.061,0.002
20.780,175.343,0.003,0.495,0.648,2.410,0.031,0.665,0.008
-99999.000,23.424,0.084,0.468,-1.033,-1.748,0.143,0.399,0.003
42.876,25.235,0.115,0.413,1.317,1.414,0.208,0.359,0.002
164.999,26.330,0.215,0.254,-0.196,-2.768,0.136,0.817,0.016
9.284,166.032,0.024,0.083,-1.008,-2.112,0.200,0.355,0.005
72.331,25.341,0.005,0.476,-1.319,-0.951,0.248,0.163,0.003
20.412,44.606,0.108,0.477,-1.447,-1.207,0.093,0.043,0.005
19.159,37.477,0.024,0.416,-2.314,-2.202,0.179,-0.697,0.004
0.070,116.585,0.369,0.336,-0.301,-2.029,0.249,0.894,0.062
35.706,1713.797,0.000,0.003,-2.369,-0.608,0.620,-0.497,0.010
74.811,28.798,0.019,0.143,-1.557,-1.816,0.122,-0.109,0.002
7.940,40.827,0.094,0.064,1.566,1.722,0.257,0.098,0.002
56.606,42.109,0.000,0.049,-1.509,-1.716,0.260,-0.056,0.002
-99999.000,26.283,0.664,0.425,0.711,1.678,0.420,0.813,0.103
-99999.000,101.960,0.143,0.241,-2.220,-2.111,0.160,-0.651,0.032
12.236,200.568,0.227,0.020,1.173,2.673,0.118,0.163,0.005
151.900,1441.724,0.034,0.029,1.018,1.430,0.448,0.616,0.076
35.921,52.214,0.046,0.150,-0.777,-2.088,0.154,0.558,0.004
34.339,692.513,0.000,0.024,-1.683,-0.925,0.158,-0.126,0.004
6.295,101.498,0.017,0.195,1.166,1.184,0.433,0.485,0.024
11.116,20.177,0.147,0.402,-0.941,-1.358,0.137,0.504,0.002
0.075,38.837,0.000,0.009,-3.081,-2.502,0.673,-0.999,0.154
-99999.000,57.406,0.017,0.066,1.080,1.860,0.141,0.522,0.005
0.139,103.114,0.000,0.377,2.285,1.443,0.166,-0.558,0.004
104.825,58.384,0.012,0.089,-1.046,-0.708,0.145,0.341,0.006
11.371,1000.971,0.025,0.163,0.659,1.016,0.013,0.821,0.031
5.125,56.418,0.068,0.236,0.881,2.414,0.169,0.487,0.005
35.679,76.509,0.080,0.026,-0.775,-1.685,0.221,0.626,0.014
170.850,130.017,0.044,0.253,-0.640,-1.027,0.059,0.715,0.024
25.087,67.369,0.029,0.100,-0.819,-2.153,0.264,0.506,0.006
0.088,20.074,0.018,0.112,-1.570,-1.080,0.165,-0.056,0.003
7.253,49.559,0.009,0.499,0.959,1.949,0.201,0.599,0.009
22.227,197.804,0.006,0.314,-0.913,-1.699,0.119,0.511,0.003
15.563,38.348,0.076,0.220,0.814,1.736,0.198,0.743,0.005
26.524,24.231,0.824,0.161,0.122,0.546,0.157,0.993,0.477
88.699,48.819,0.012,0.087,1.488,1.948,0.281,0.146,0.007
12.140,229.196,0.013,0.083,-1.632,-1.446,0.017,-0.155,0.003
10.633,83.193,0.084,0.319,0.710,2.466,0.095,0.587,0.011
12.738,64.120,0.221,0.121,-1.167,-2.309,0.343,0.173,0.014
12.319,13.963,0.180,0.430,1.273,2.482,0.191,0.186,0.003
27.895,310.857,0.000,0.428,1.562,1.660,0.010,0.107,0.003
18.218,78.879,0.001,0.483,-1.100,-1.355,0.556,0.364,0.016
14.706,1121.070,0.000,0.022,0.601,1.220,0.066,0.875,0.043
55.378,130.002,0.007,0.225,-1.160,-2.032,0.122,0.239,0.004
10.189,331.453,0.009,0.266,-1.664,-1.748,0.006,-0.209,0.003
85.922,60.170,0.151,0.220,-0.951,-2.670,0.186,0.193,0.005
97.078,397.036,0.109,0.000,1.569,1.698,0.392,0.097,0.007
56.892,287.815,0.009,0.081,-1.535,-2.091,0.019,-0.100,0.004
1.760,178.920,0.055,0.191,1.432,1.770,0.055,0.222,0.003
70.632,477.947,0.023,0.006,-1.370,-1.650,0.198,0.087,0.005
-99999.000,162.708,0.052,0.232,-2.385,-2.472,0.124,-0.651,0.021
13.705,59.834,0.002,0.269,-1.556,-1.585,0.213,-0.092,0.004
0.216,241.158,0.000,0.191,-2.515,-0.558,0.060,-0.576,0.006
23.600,214.643,0.015,0.013,-1.299,-1.553,0.134,0.165,0.005
46.362,61.677,0.130,0.194,0.996,1.231,0.134,0.624,0.033
0.122,126.192,0.012,0.462,-1.884,-1.408,0.086,-0.389,0.004
52.599,985.274,0.422,0.003,-1.579,-2.253,0.087,-0.139,0.004
-99999.000,765.367,0.073,0.184,-1.005,-0.584,0.095,0.334,0.004
32.411,1217.367,0.000,0.314,-2.273,-1.536,0.026,-0.719,0.004
4.391,36.523,0.110,0.389,0.911,2.043,0.148,0.612,0.004
19.080,169.705,0.072,0.160,1.447,1.176,0.172,0.240,0.006
0.544,1631.373,0.000,0.001,-0.334,-0.084,0.121,0.301,0.004
50.034,1903.798,0.209,0.005,0.468,1.172,0.254,0.931,0.154
159.334,141.792,0.008,0.459,-0.909,-1.239,0.161,0.528,0.005
123.082,536.443,0.000,0.033,0.019,1.657,0.049,0.993,0.020
0.403,42.990,0.010,0.443,0.166,0.342,0.332,0.936,0.159
10.869,20.305,0.002,0.081,1.611,1.631,0.235,0.061,0.002
23.345,120.267,0.015,0.381,-1.547,-1.873,0.049,-0.102,0.004
22.868,86.629,0.008,0.475,-1.561,-2.057,0.150,-0.122,0.009
22.673,104.061,0.248,0.111,-0.387,-0.286,0.327,0.601,0.069
0.031,43.059,0.000,0.013,1.901,0.722,0.234,-0.093,0.006
54.607,269.220,0.000,0.410,-0.546,-1.284,0.057,0.795,0.008
69.235,37.002,0.073,0.072,-1.271,-0.669,0.353,0.183,0.004
103.812,133.177,0.028,0.243,-1.458,-2.129,0.117,-0.037,0.007
94.058,76.955,0.000,0.196,0.938,1.703,0.068,0.660,0.023
0.016,475.937,0.000,0.022,-1.578,-1.763,0.123,-0.127,0.004
14.045,242.957,0.283,0.090,0.406,1.136,0.071,0.951,0.091
-99999.000,136.373,0.010,0.382,-1.530,-1.110,0.051,-0.023,0.003
18.644,63.111,0.009,0.039,-1.297,-1.115,0.067,0.183,0.004
34.412,141.700,0.037,0.422,0.860,2.129,0.205,0.623,0.008
16.899,254.008,0.131,0.001,0.935,1.108,0.265,0.655,0.017
21.734,12.935,0.005,0.477,-1.110,-1.063,0.230,0.345,0.003
-99999.000,67.507,0.029,0.434,-1.565,-1.369,0.033,-0.082,0.003
7.140,200.132,0.058,0.138,-1.299,-2.436,0.075,0.049,0.005
4.212,82.407,0.010,0.080,-1.818,-1.442,0.199,-0.333,0.013
0.286,74.282,0.018,0.109,1.204,0.774,0.153,0.384,0.009
37.444,537.061,0.000,0.092,1.427,1.569,0.267,0.247,0.003
84.763,106.861,0.017,0.169,-1.798,-1.234,0.126,-0.284,0.006
0.382,159.814,0.000,0.142,-1.488,-1.687,0.047,-0.033,0.003
22.796,52.014,0.125,0.147,2.601,1.186,0.365,-0.763,0.017
-99999.000,211.180,0.010,0.236,-1.424,-0.901,0.045,0.080,0.003
32.923,180.922,0.068,0.264,-1.615,-1.601,0.049,-0.152,0.006
0.124,76.803,0.000,0.109,-1.373,-2.008,0.136,0.050,0.006
4.908,53.619,0.021,0.367,-2.512,-1.203,0.121,-0.825,0.007
30.870,397.159,0.418,0.063,0.831,1.519,0.102,0.749,0.011
12.002,31.806,0.064,0.144,1.042,1.569,0.178,0.592,0.007
1.703,474.661,0.039,0.003,-1.229,-1.790,0.127,0.211,0.004
30.938,84.482,0.013,0.338,-2.240,-2.115,0.269,-0.665,0.021
14.161,121.689,0.124,0.074,-2.166,-1.208,0.166,-0.590,0.011
2.714,55.647,0.026,0.319,0.967,0.924,0.532,0.594,0.074
0.064,105.338,0.000,0.054,-1.036,-0.864,0.135,0.380,0.005
38.991,99.874,0.055,0.427,1.772,1.632,0.202,-0.099,0.004
80.051,385.072,0.011,0.495,-1.502,-1.512,0.051,-0.033,0.006
0.237,31.824,0.000,0.025,2.102,1.612,0.188,-0.413,0.004
-99999.000,479.652,0.205,0.288,0.652,0.770,0.021,0.764,0.030
0.180,248.539,0.000,0.228,-1.062,-2.354,0.016,0.243,0.003
7.903,83.819,0.112,0.258,0.536,1.138,0.274,0.900,0.104
7.277,70.676,0.026,0.080,0.952,1.190,0.233,0.653,0.052
132.145,46.021,0.037,0.294,-1.252,-2.634,0.138,0.038,0.002
39.933,302.252,0.059,0.097,-2.723,-0.656,0.151,-0.802,0.016
20.370,26.590,0.096,0.238,-0.196,-0.108,0.208,0.530,0.003
9.213,27.602,0.055,0.353,-0.843,-1.088,0.181,0.569,0.003
-99999.000,46.661,0.035,0.272,-1.114,-1.460,0.255,0.348,0.004
137.451,136.886,0.000,0.024,-1.516,-1.905,0.068,-0.075,0.004
9.958,270.079,0.027,0.004,1.104,0.375,0.128,0.291,0.007
5.897,35.915,0.133,0.197,-1.998,-2.214,0.239,-0.464,0.011
0.859,103.342,0.000,0.141,-2.068,-0.706,0.291,-0.337,0.006
0.074,65.642,0.000,0.019,-2.358,-1.797,0.256,-0.779,0.046
23.571,145.984,0.010,0.380,-1.483,-2.028,0.049,-0.052,0.003
-99999.000,71.785,0.000,0.026,2.391,1.559,0.140,-0.651,0.026
11.579,41.009,0.022,0.275,1.291,1.128,0.368,0.375,0.002
-99999.000,95.589,0.025,0.312,1.465,0.498,0.101,0.170,0.005
12.133,21.943,0.106,0.339,-0.944,-1.985,0.132,0.440,0.002
36.947,36.078,0.012,0.270,-1.243,-1.457,0.177,0.226,0.002
-99999.000,175.383,0.065,0.031,-0.884,-1.937,0.118,0.502,0.007
82.805,218.967,0.014,0.311,-1.509,-1.891,0.060,-0.067,0.004
0.117,222.357,0.000,0.069,-0.085,-2.699,0.344,0.949,0.111
13.462,94.094,0.148,0.361,-1.589,-1.110,0.293,-0.076,0.006
0.183,240.320,0.000,0.472,-1.511,-1.409,0.021,-0.033,0.004
10.251,201.846,0.018,0.032,-1.117,-1.110,0.149,0.342,0.005
84.458,41.235,0.096,0.334,1.667,1.849,0.097,-0.012,0.002
8.075,87.242,0.580,0.038,2.816,1.032,0.362,-0.874,0.127
69.344,97.317,0.051,0.446,-2.623,-2.001,0.234,-0.908,0.063
0.164,457.729,0.000,0.067,0.508,1.675,0.130,0.913,0.024
31.220,134.822,0.537,0.482,-0.353,-2.700,0.102,0.674,0.022
20.172,23.043,0.054,0.090,-2.784,-0.143,0.295,-0.295,0.004
0.105,199.998,0.017,0.362,-1.532,-1.098,0.024,-0.025,0.003
32.544,140.790,0.007,0.262,-1.246,-1.382,0.264,0.226,0.004
42.814,31.843,0.005,0.241,1.074,0.901,0.193,0.509,0.002
22.493,70.470,0.088,0.430,-0.632,-2.703,0.105,0.396,0.005
164.031,83.052,0.008,0.018,-1.649,-1.237,0.358,-0.148,0.015
0.392,37.021,0.000,0.042,1.778,1.533,0.205,-0.097,0.002
86.532,46.126,0.031,0.100,-2.233,-1.023,0.195,-0.590,0.005
92.567,649.797,0.003,0.266,1.508,1.094,0.009,0.186,0.008
88.566,56.129,0.001,0.037,-1.619,-1.205,0.414,-0.115,0.024
16.663,206.715,0.008,0.029,-1.645,-1.233,0.138,-0.143,0.004
11.382,324.944,0.204,0.143,0.466,0.146,0.071,0.366,0.011
30.854,299.732,0.008,0.007,-1.589,-1.373,0.099,-0.107,0.003
31.803,230.125,0.188,0.033,-0.482,-2.435,0.307,0.690,0.018
6.228,233.714,0.103,0.010,-1.718,-2.033,0.060,-0.259,0.005
49.385,197.537,0.000,0.479,-0.648,-1.055,0.107,0.712,0.014
129.386,42.363,0.097,0.339,1.069,1.216,0.306,0.566,0.009
16.487,37.933,0.167,0.092,-0.580,-1.333,0.096,0.775,0.005
32.912,27.735,0.025,0.348,0.662,2.409,0.611,0.654,0.040
30.056,25.722,0.136,0.440,-1.088,-1.521,0.155,0.369,0.002
87.188,360.726,0.012,0.005,-1.501,-2.119,0.068,-0.073,0.007
15.320,1503.547,0.026,0.005,-1.235,-1.784,0.184,0.206,0.004
0.144,37.495,0.000,0.009,0.252,2.463,0.239,0.919,0.013
18.016,153.577,0.085,0.201,-1.026,-0.981,0.085,0.407,0.007
0.127,83.127,0.000,0.023,-2.275,-0.953,0.437,-0.598,0.044
24.672,123.635,0.351,0.056,-1.526,-1.328,0.218,-0.041,0.017
4.105,172.818,0.000,0.183,-1.746,-0.954,0.389,-0.183,0.007
25.420,22.679,0.402,0.406,0.183,0.161,0.156,0.721,0.079
9.340,20.952,0.079,0.094,-0.869,-1.798,0.231,0.536,0.003
0.054,38.776,0.000,0.006,-1.857,-0.493,0.229,-0.118,0.003
1.692,44.612,0.145,0.251,1.067,1.223,0.270,0.569,0.011
25.653,96.555,0.040,0.091,1.164,1.669,0.361,0.480,0.007
-99999.000,94.594,0.196,0.075,-0.691,-2.257,0.241,0.581,0.018
-99999.000,182.802,0.010,0.388,-1.554,-0.613,0.024,0.013,0.003
20.254,131.016,0.147,0.389,-0.646,-2.154,0.022,0.647,0.011
60.289,218.912,0.017,0.100,-1.419,-1.696,0.605,0.035,0.017
72.369,64.700,0.093,0.293,-2.470,-0.628,0.070,-0.588,0.010
-99999.000,171.999,0.160,0.061,-0.758,-1.025,0.324,0.627,0.023
227.329,224.464,0.038,0.444,-0.805,-2.033,0.046,0.547,0.005
38.040,96.572,0.070,0.311,0.760,1.298,0.424,0.792,0.082
-99999.000,52.840,0.084,0.157,-1.224,-1.265,0.160,0.250,0.007
20.640,20.606,0.008,0.201,1.878,1.648,0.330,-0.204,0.003
17.152,174.383,0.167,0.236,-2.333,-1.112,0.111,-0.690,0.009
0.086,150.314,0.090,0.030,1.973,2.362,0.267,-0.266,0.004
10.573,342.649,0.036,0.012,0.897,1.193,0.402,0.693,0.042
38.479,117.460,0.299,0.025,2.308,1.810,0.059,-0.592,0.010
13.537,261.390,0.149,0.011,1.684,1.153,0.196,0.026,0.006
271.248,44.308,0.113,0.477,-1.465,-0.368,0.159,0.073,0.005
4.240,155.990,0.026,0.190,-2.446,-1.616,0.147,-0.831,0.018
-99999.000,80.888,0.132,0.142,-1.779,-1.927,0.157,-0.317,0.029
83.382,25.012,0.091,0.499,-1.437,-2.024,0.092,-0.010,0.005
141.063,245.065,0.445,0.320,-0.636,-2.664,0.147,0.423,0.014
210.333,224.068,0.097,0.138,1.796,0.576,0.102,0.000,0.020
30.950,261.051,0.422,0.013,-1.379,-2.583,0.262,-0.021,0.013
8.503,36.204,0.053,0.438,-0.603,-1.230,0.181,0.757,0.005
-99999.000,453.817,0.000,0.376,0.638,1.348,0.034,0.862,0.015
15.756,187.999,0.000,0.314,-1.041,-1.599,0.126,0.407,0.003
21.445,26.409,0.104,0.295,-2.014,-1.173,0.165,-0.459,0.004
37.517,368.109,0.002,0.106,-1.544,-1.737,0.086,-0.092,0.004
6.483,436.278,0.007,0.013,-1.042,-2.371,0.192,0.252,0.004
12.424,72.175,0.147,0.368,1.040,1.526,0.258,0.596,0.018
105.819,98.491,0.126,0.059,1.012,1.419,0.099,0.620,0.031
0.144,491.945,0.000,0.022,1.536,1.873,0.057,0.111,0.002
18.291,137.125,0.000,0.028,-1.059,-0.684,0.080,0.326,0.004
27.817,18.227,0.043,0.463,-0.826,-0.790,0.211,0.527,0.002
12.136,37.883,0.102,0.137,-2.653,-2.712,0.134,-0.703,0.016
8.921,209.133,0.025,0.023,-1.372,-1.907,0.151,0.061,0.005
-99999.000,151.316,0.000,0.027,-2.125,-1.324,0.256,-0.582,0.007
0.124,290.319,0.000,0.010,1.543,1.865,0.335,0.105,0.005
120.112,102.395,0.000,0.046,-0.161,-1.444,0.407,0.963,0.061
42.937,282.232,0.130,0.208,-1.845,-1.850,0.126,-0.379,0.013
16.985,763.107,0.097,0.011,-1.420,-1.787,0.160,0.027,0.005
0.129,256.501,0.000,0.234,0.952,1.583,0.483,0.661,0.037
108.233,196.123,0.143,0.002,1.452,1.664,0.665,0.214,0.020
136.008,87.275,0.026,0.464,-2.083,-2.026,0.152,-0.563,0.018
29.825,82.319,0.060,0.070,-0.538,-2.798,0.718,0.391,0.015
20.152,26.049,0.033,0.397,1.303,1.096,0.125,0.361,0.002
36.598,127.576,0.040,0.459,0.997,1.990,0.050,0.559,0.002
20.290,183.506,0.013,0.226,-1.216,-1.655,0.111,0.238,0.004
-99999.000,50.254,0.076,0.497,-2.309,-0.747,0.127,-0.533,0.005
70.370,34.546,0.065,0.116,-0.266,-0.642,0.451,0.902,0.141
159.809,277.529,0.000,0.162,-1.669,-1.719,0.010,-0.212,0.005
56.599,17.057,0.098,0.452,0.306,2.799,0.288,0.696,0.015
0.225,64.186,0.000,0.220,-0.624,-1.834,0.068,0.721,0.012
-99999.000,82.922,0.060,0.449,0.973,1.514,0.141,0.649,0.017
134.790,130.332,0.000,0.145,-0.661,-0.445,0.212,0.502,0.007
-99999.000,26.423,0.601,0.399,0.379,0.881,0.252,0.942,0.137
35.351,1570.199,0.455,0.018,2.130,1.544,0.540,-0.434,0.009
0.351,552.979,0.000,0.003,-0.550,-1.578,0.204,0.789,0.009
-99999.000,39.151,0.011,0.267,1.188,0.854,0.223,0.414,0.003
57.918,243.026,0.008,0.385,-1.545,-1.440,0.021,-0.070,0.003
0.154,109.432,0.000,0.201,0.995,1.528,0.142,0.631,0.011
17.599,883.783,0.000,0.033,1.049,2.159,0.291,0.468,0.004
-99999.000,189.956,0.041,0.213,-1.034,-2.036,0.087,0.350,0.004
34.308,44.361,0.048,0.448,-1.085,-0.472,0.083,0.253,0.002
-99999.000,69.503,0.010,0.043,-1.460,-2.558,0.357,-0.063,0.009
-99999.000,89.380,0.009,0.470,-1.205,-1.706,0.109,0.244,0.006
152.588,72.757,0.007,0.255,1.548,1.468,0.082,0.136,0.006
0.122,173.576,0.000,0.120,-1.049,-0.143,0.102,0.144,0.005
42.426,248.941,0.381,0.220,-0.631,-1.975,0.127,0.696,0.017
-99999.000,53.646,0.018,0.470,-2.006,-1.958,0.126,-0.510,0.007
0.290,169.604,0.019,0.323,-0.518,-1.520,0.040,0.810,0.016
40.822,158.910,0.961,0.258,-0.973,-1.568,0.076,0.470,0.106
134.554,38.824,0.291,0.281,-0.442,-0.936,0.090,0.835,0.023
101.088,30.634,0.005,0.068,-2.168,-2.333,0.342,-0.556,0.007
563.727,46.023,0.008,0.406,-1.506,-1.809,0.102,-0.059,0.001
12.010,280.081,0.335,0.005,0.078,2.714,0.062,0.969,0.018
45.244,63.624,0.065,0.207,-0.153,-2.901,0.337,0.776,0.022
7.058,462.478,0.000,0.022,-1.588,-1.773,0.142,-0.137,0.003
11.346,50.294,0.073,0.180,1.758,2.363,0.232,-0.113,0.004
-99999.000,185.598,0.000,0.318,2.044,1.506,0.111,-0.352,0.004
8.551,176.006,0.256,0.059,0.911,2.490,0.156,0.424,0.005
12.054,34.839,0.162,0.341,-2.622,-1.955,0.119,-0.911,0.009
0.369,151.609,0.000,0.015,1.542,1.519,0.365,0.139,0.004
110.045,885.176,0.237,0.218,1.352,2.201,0.039,0.214,0.004
57.276,65.898,0.082,0.057,-1.677,-2.215,0.233,-0.216,0.008
156.501,171.776,0.008,0.500,-1.180,-2.603,0.043,0.085,0.008
112.305,70.113,0.124,0.470,1.102,2.086,0.150,0.449,0.008
4.331,396.879,0.016,0.010,-1.730,-1.738,0.226,-0.271,0.005
8.101,28.665,0.087,0.290,-0.441,-1.741,0.202,0.843,0.008
42.229,187.259,0.069,0.294,1.443,1.391,0.051,0.242,0.004
18.811,72.138,0.020,0.124,-1.550,-1.889,0.176,-0.106,0.006
-99999.000,108.489,0.010,0.008,-2.187,-1.610,0.225,-0.662,0.029
150.322,68.328,0.014,0.113,1.870,1.282,0.454,-0.162,0.038
-99999.000,159.805,0.017,0.355,-0.670,-0.890,0.062,0.670,0.014
-99999.000,26.092,0.234,0.049,0.067,2.952,0.271,0.915,0.038
0.083,227.853,0.000,0.082,1.097,1.450,0.160,0.552,0.005
35.399,79.640,0.004,0.366,1.419,0.916,0.176,0.251,0.005
8.039,53.633,0.029,0.335,-1.907,-1.657,0.467,-0.432,0.036
22.256,57.218,0.007,0.192,2.530,1.938,0.584,-0.750,0.100
80.383,162.288,0.778,0.024,-0.237,-0.397,0.338,0.857,0.832
26.154,117.349,0.007,0.460,-0.903,-1.279,0.124,0.535,0.003
2.575,45.771,0.000,0.101,-1.193,-1.797,0.243,0.245,0.003
-99999.000,97.137,0.063,0.082,-1.032,-0.998,0.116,0.403,0.007
0.147,149.831,0.000,0.204,-2.485,-2.428,0.145,-0.740,0.032
54.643,30.937,0.282,0.168,-0.510,-0.609,0.313,0.712,0.023
-99999.000,120.226,0.717,0.008,-1.669,-1.488,0.264,-0.195,0.021
24.624,70.949,0.080,0.156,-1.515,-0.963,0.153,0.003,0.007
13.656,48.482,0.477,0.172,0.647,0.862,0.356,0.795,0.049
-99999.000,29.515,0.075,0.498,1.674,0.661,0.180,0.064,0.003
50.148,35.808,0.055,0.446,0.999,2.021,0.123,0.550,0.002
46.873,54.654,0.128,0.492,-1.948,-2.407,0.081,-0.380,0.011
-99999.000,35.506,0.066,0.261,-0.930,-1.415,0.133,0.513,0.003
85.965,33.207,0.136,0.215,-1.052,-0.307,0.147,0.211,0.003
15.529,51.039,0.057,0.174,3.132,0.023,0.166,-0.874,0.015
103.391,305.652,0.018,0.076,-1.542,-1.506,0.031,-0.073,0.005
0.142,55.297,0.000,0.001,1.158,1.766,0.486,0.472,0.015
25.042,89.094,0.094,0.020,1.264,3.001,0.181,-0.019,0.010
21.314,142.235,0.342,0.083,-1.277,-2.110,0.466,0.121,0.032
-99999.000,59.780,0.335,0.063,2.582,1.429,0.227,-0.775,0.054
119.925,57.726,0.201,0.406,-2.373,-1.680,0.156,-0.790,0.019
44.225,40.584,0.146,0.070,0.526,2.582,0.233,0.661,0.009
26.366,38.922,0.035,0.008,1.168,1.285,0.277,0.490,0.003
17.197,30.466,0.077,0.045,1.607,1.712,0.370,0.058,0.003
81.043,93.236,0.729,0.146,-0.508,-2.222,0.079,0.737,0.068
41.988,57.745,0.028,0.365,1.324,1.663,0.134,0.337,0.003
19.838,52.545,0.014,0.084,-1.522,-1.285,0.187,-0.034,0.004
27.297,625.399,0.196,0.280,-0.580,-0.270,0.221,0.418,0.010
16.076,251.163,0.008,0.001,-1.412,-1.384,0.172,0.066,0.004
79.553,45.807,0.647,0.423,0.255,2.221,0.146,0.953,0.022
40.956,213.930,0.000,0.032,-1.576,-1.775,0.167,-0.125,0.004
51.415,36.101,0.143,0.474,-2.202,-2.020,0.313,-0.653,0.007
5.806,78.116,0.036,0.262,2.203,1.458,0.306,-0.491,0.009
0.013,318.510,0.000,0.037,0.906,0.185,0.294,0.237,0.009
5.487,161.449,0.004,0.015,-1.477,-1.663,0.135,-0.021,0.004
7.603,31.245,0.348,0.264,0.829,1.509,0.218,0.751,0.009
-99999.000,131.171,0.000,0.278,-0.502,-2.741,0.085,0.481,0.004
-99999.000,17.156,0.042,0.321,-1.490,-1.379,0.322,-0.010,0.004
69.368,25.671,0.094,0.346,1.465,0.611,0.165,0.186,0.003
75.276,68.168,0.081,0.040,2.049,1.931,0.292,-0.368,0.014
85.406,1025.911,0.136,0.040,-0.869,-1.571,0.365,0.558,0.010
-99999.000,171.584,0.044,0.137,-2.411,-1.406,0.222,-0.795,0.017
15.774,96.767,0.008,0.439,-0.752,-2.067,0.092,0.583,0.004
6.572,141.935,0.138,0.038,1.110,0.691,0.069,0.422,0.006
4.783,57.795,0.042,0.265,-1.985,-1.667,0.203,-0.501,0.015
18.845,32.708,0.094,0.497,0.922,1.402,0.195,0.688,0.008
63.676,27.518,0.055,0.054,-1.796,-1.343,0.340,-0.300,0.004
43.035,167.396,0.023,0.068,-1.881,-1.070,0.259,-0.322,0.009
13.099,64.260,0.015,0.189,1.185,1.466,0.165,0.477,0.007
6.160,684.885,0.455,0.026,0.097,3.090,0.130,0.398,0.004
0.149,127.501,0.000,0.022,-0.888,-1.362,0.164,0.548,0.006
100.420,29.775,0.093,0.168,-0.861,-1.344,0.113,0.570,0.004
33.368,116.154,0.148,0.294,0.960,2.042,0.082,0.574,0.006
129.673,590.600,0.050,0.107,1.038,1.804,0.087,0.567,0.005
113.012,105.823,0.011,0.426,-1.639,-1.257,0.062,-0.141,0.005
16.785,33.009,0.004,0.328,1.331,2.171,0.124,0.238,0.002
94.193,21.024,0.062,0.191,-1.068,-1.338,0.276,0.393,0.006
33.214,829.235,0.016,0.308,-1.757,-1.388,0.083,-0.269,0.003
32.271,132.793,0.008,0.411,-1.496,-1.944,0.056,-0.058,0.003
24.092,132.543,0.046,0.250,-1.706,-1.656,0.092,-0.245,0.005
13.158,347.433,0.005,0.008,-0.940,-0.669,0.093,0.406,0.004
9.025,35.357,0.057,0.339,0.658,0.654,0.190,0.714,0.020
8.866,164.164,0.085,0.373,-1.962,-1.232,0.045,-0.428,0.006
83.201,35.908,0.019,0.233,-0.163,-0.798,0.137,0.962,0.015
6.744,279.905,0.010,0.126,-0.874,-1.708,0.137,0.543,0.004
-99999.000,131.627,0.000,0.011,-0.378,-0.602,0.231,0.815,0.268
-99999.000,37.144,0.026,0.303,-0.957,-1.049,0.126,0.472,0.002
112.864,455.252,0.057,0.290,-1.297,-2.394,0.039,0.058,0.006
0.002,98.010,0.000,0.017,1.778,1.122,0.369,-0.057,0.012
9.794,966.970,0.004,0.001,-1.355,-1.533,0.207,0.111,0.004
161.272,216.693,0.015,0.099,-1.638,-2.061,0.090,-0.189,0.007
19.778,229.916,0.006,0.029,-1.132,-1.945,0.190,0.279,0.004
72.135,82.858,0.091,0.034,-1.638,-1.802,0.136,-0.186,0.014
13.119,3045.381,0.000,0.012,0.478,1.263,0.600,0.931,0.131
20.942,26.916,0.064,0.352,-1.605,-1.066,0.153,-0.084,0.003
40.261,263.228,0.030,0.134,1.534,0.512,0.093,0.139,0.011
24.175,50.914,0.073,0.280,0.894,2.381,0.091,0.494,0.003
-99999.000,38.060,0.008,0.401,-0.849,-1.468,0.168,0.580,0.003
163.487,38.994,0.056,0.314,-1.088,-2.044,0.279,0.301,0.002
22.069,105.279,0.066,0.209,-0.779,-2.213,0.125,0.521,0.006
61.671,38.250,0.027,0.369,-2.219,-0.733,0.151,-0.459,0.002
5.344,68.093,0.444,0.216,-1.132,-1.837,0.616,0.297,0.030
76.164,40.034,0.122,0.149,-0.136,-2.671,0.516,0.914,0.036
18.279,42.724,0.303,0.292,0.724,1.400,0.291,0.816,0.034
0.320,1065.518,0.000,0.000,-2.397,-1.605,0.034,-0.802,0.008
13.242,67.353,0.126,0.107,-0.794,-1.301,0.581,0.622,0.027
7.765,43.583,0.007,0.291,-1.523,-0.463,0.430,0.044,0.017
13.833,47.278,0.224,0.402,0.857,1.107,0.301,0.710,0.014
154.343,17.035,0.009,0.232,-0.231,-0.829,0.184,0.937,0.030
55.491,572.651,0.000,0.486,-1.606,-1.565,0.023,-0.141,0.006
224.953,26.814,0.657,0.397,0.291,1.927,0.193,0.966,0.065
21.269,77.678,0.006,0.124,-1.056,-1.508,0.195,0.400,0.005
2.076,25.626,0.081,0.268,-0.788,-1.766,0.217,0.607,0.007
31.519,303.525,0.006,0.102,-1.568,-1.587,0.008,-0.105,0.003
21.854,28.299,0.378,0.371,-0.377,-2.655,0.162,0.679,0.009
23.080,363.194,0.065,0.334,-1.602,-1.597,0.041,-0.139,0.005
5.975,232.292,0.104,0.277,-1.211,-2.058,0.152,0.189,0.006
0.911,65.265,0.045,0.462,1.806,2.480,0.125,-0.141,0.003
57.617,129.789,0.047,0.263,-0.849,-1.731,0.264,0.562,0.006
0.307,318.512,0.047,0.013,-2.448,-2.353,0.071,-0.743,0.052
25.832,627.694,0.028,0.015,-1.629,-1.704,0.384,-0.173,0.006
71.393,101.470,0.009,0.101,-1.599,-1.704,0.114,-0.144,0.004
159.336,127.580,0.008,0.292,-1.488,-1.781,0.076,-0.040,0.006
0.205,42.839,0.043,0.129,-1.376,-1.158,0.295,0.111,0.005
94.123,193.810,0.054,0.204,-1.270,-1.727,0.108,0.179,0.009
-99999.000,186.886,0.022,0.077,0.934,2.434,0.259,0.438,0.003
0.023,122.480,0.039,0.462,-1.885,-1.819,0.339,-0.415,0.008
39.704,42.065,0.134,0.386,-3.045,-2.989,0.147,-0.886,0.148
122.046,27.031,0.037,0.174,-2.154,-0.517,0.641,-0.292,0.015
16.932,32.750,0.062,0.352,-1.002,-1.690,0.172,0.434,0.002
19.661,75.082,0.136,0.087,-1.661,-1.032,0.330,-0.127,0.009
0.185,24.805,0.000,0.017,-1.511,-0.754,0.352,0.025,0.004
-99999.000,265.755,0.162,0.479,-1.470,-1.744,0.172,-0.020,0.008
-99999.000,125.181,0.000,0.233,-1.301,-1.344,0.044,0.175,0.003
11.323,85.990,0.464,0.335,-0.209,-0.376,0.076,0.875,0.492
6.833,18.113,0.081,0.495,-0.089,-0.137,0.187,0.866,0.185
38.779,55.030,0.039,0.355,1.562,1.015,0.099,0.139,0.003
55.001,31.215,0.106,0.470,-0.977,-2.150,0.177,0.373,0.003
133.697,47.069,0.086,0.025,-1.060,-1.372,0.200,0.399,0.004
32.669,27.289,0.053,0.280,0.801,2.502,0.143,0.496,0.002
6.816,120.249,0.013,0.133,1.759,1.749,0.213,-0.094,0.003
-99999.000,44.689,0.350,0.159,-0.482,-0.686,0.184,0.760,0.078
-99999.000,45.378,0.127,0.048,-0.759,-0.858,0.263,0.596,0.011
157.097,241.857,0.013,0.005,-1.861,-1.430,0.164,-0.372,0.010
142.249,34.432,0.035,0.347,-0.889,-0.830,0.248,0.488,0.002
70.529,20.459,0.000,0.058,-2.094,-1.672,0.234,-0.592,0.006
39.807,107.080,0.008,0.079,-1.078,-1.309,0.264,0.384,0.005
-99999.000,80.779,0.015,0.111,-2.200,-1.469,0.255,-0.661,0.024
0.078,41.763,0.000,0.018,-2.378,-2.799,0.305,-0.432,0.007
4.906,104.230,0.197,0.395,-0.907,-0.980,0.290,0.503,0.008
47.558,97.761,0.035,0.425,-2.133,-1.868,0.282,-0.619,0.019
7.778,142.517,0.128,0.050,-0.911,-1.076,0.154,0.512,0.008
46.428,49.634,0.125,0.306,-1.605,-1.926,0.212,-0.159,0.003
42.881,60.563,0.016,0.360,-1.238,-1.358,0.595,0.235,0.018
49.087,128.744,0.052,0.158,-1.742,-2.400,0.101,-0.244,0.005
0.021,343.116,0.000,0.392,1.505,1.834,0.017,0.145,0.002
18.654,61.027,0.008,0.077,-1.426,-2.089,0.245,-0.006,0.004
5.247,868.729,0.000,0.004,-1.316,-1.849,0.316,0.121,0.004
-99999.000,38.771,0.249,0.198,0.814,2.203,0.231,0.632,0.011
73.403,250.840,0.083,0.113,1.461,1.467,0.099,0.221,0.005
21.392,29.097,0.180,0.320,-1.232,-1.301,0.574,0.242,0.012
7.231,96.140,0.059,0.149,0.606,0.533,0.161,0.684,0.045
81.098,94.810,0.185,0.105,2.642,0.560,0.276,-0.604,0.047
86.446,273.211,0.007,0.490,-1.462,-0.578,0.039,0.067,0.008
66.460,106.720,0.000,0.186,-1.096,-1.641,0.153,0.353,0.005
30.345,64.444,0.004,0.079,1.640,1.615,0.427,0.034,0.024
34.521,46.614,0.784,0.398,0.162,2.678,0.108,0.923,0.024
-99999.000,113.830,0.028,0.466,1.435,1.911,0.036,0.200,0.002
105.810,220.631,0.020,0.400,-1.628,-1.774,0.047,-0.175,0.004
76.151,77.807,0.389,0.069,-0.825,-2.291,0.622,0.457,0.039
14.306,39.504,0.041,0.051,-1.358,-2.099,0.415,0.053,0.012
-99999.000,27.763,0.052,0.200,1.128,1.330,0.246,0.525,0.004
46.717,45.180,0.005,0.067,-1.550,-1.113,0.457,-0.042,0.012
150.029,40.731,0.068,0.200,1.206,1.514,0.199,0.456,0.003
85.227,40.811,0.017,0.143,-2.315,-1.160,0.221,-0.690,0.005
-99999.000,164.303,0.046,0.494,1.003,0.383,0.080,0.340,0.007
13.491,25.001,0.014,0.047,-1.595,-1.982,0.288,-0.151,0.003
40.576,154.060,0.051,0.300,-1.386,-1.261,0.158,0.098,0.005
59.233,88.425,0.132,0.394,1.593,2.666,0.186,-0.032,0.006
0.306,216.974,0.000,0.394,1.459,2.596,0.123,0.045,0.002
3.824,28.076,0.010,0.185,1.357,1.314,0.184,0.324,0.003
24.289,889.453,0.527,0.054,1.592,0.821,0.091,0.116,0.005
0.137,747.116,0.000,0.029,-1.416,-1.959,0.118,0.015,0.003
37.275,27.778,0.053,0.097,0.515,0.727,0.238,0.839,0.097
139.651,60.333,0.003,0.445,-1.388,-1.707,0.084,0.065,0.003
0.020,47.236,0.115,0.400,-1.413,-1.170,0.159,0.077,0.003
13.365,431.060,0.080,0.331,1.388,1.762,0.082,0.265,0.002
11.497,182.624,0.162,0.102,0.524,1.498,0.041,0.914,0.013
26.654,43.612,0.070,0.071,-1.457,-0.930,0.161,0.053,0.003
97.404,161.334,0.225,0.093,2.355,0.117,0.492,-0.024,0.042
51.003,69.658,0.092,0.064,-1.199,-1.319,0.347,0.272,0.010
0.308,123.428,0.000,0.281,-1.681,-1.646,0.072,-0.220,0.004
0.136,245.760,0.000,0.499,-1.380,-2.144,0.268,0.029,0.006
11.282,53.674,0.132,0.391,-2.486,-1.606,0.246,-0.852,0.016
9.783,316.671,0.041,0.008,-1.297,-1.966,0.105,0.124,0.004
104.820,188.777,0.067,0.012,-1.591,-1.554,0.143,-0.125,0.010
124.228,88.494,0.094,0.076,-0.569,-0.490,0.173,0.603,0.045
43.194,364.216,0.000,0.003,1.912,1.851,0.184,-0.244,0.003
-99999.000,86.561,0.000,0.015,-1.602,-1.621,0.264,-0.141,0.011
8.762,105.891,0.139,0.305,-1.132,-1.551,0.503,0.326,0.019
145.393,47.742,0.100,0.148,-0.836,-2.005,0.135,0.528,0.003
101.616,29.258,0.024,0.086,-1.924,-1.848,0.388,-0.448,0.012
0.081,4087.946,0.000,0.001,1.518,0.504,0.212,0.146,0.007
6.108,48.131,0.006,0.332,-0.039,-2.658,0.651,0.978,0.027
16.072,258.440,0.104,0.093,-1.042,-1.935,0.037,0.364,0.004
14.366,62.709,0.173,0.336,-0.797,-0.917,0.131,0.579,0.010
59.311,39.596,0.058,0.117,1.583,1.679,0.007,0.085,0.003
95.126,32.798,0.166,0.157,0.856,1.819,0.177,0.702,0.007
25.217,286.521,0.000,0.029,1.116,1.808,0.572,0.502,0.013
34.814,187.964,0.054,0.023,-1.142,-1.788,0.158,0.294,0.006
26.499,46.419,0.156,0.346,-1.145,-1.344,0.183,0.323,0.003
29.933,128.881,0.012,0.353,-1.475,-0.671,0.046,0.055,0.004
0.059,291.406,0.000,0.314,-0.644,-0.551,0.220,0.577,0.010
57.163,28.040,0.017,0.158,1.462,1.991,0.226,0.162,0.002
21.924,142.653,0.077,0.254,-1.894,-1.467,0.359,-0.406,0.010
15.594,26.906,0.000,0.036,0.176,1.911,0.270,0.988,0.011
37.376,307.382,0.150,0.100,-2.082,-2.432,0.147,-0.462,0.019
18.170,125.837,0.150,0.150,1.025,1.861,0.125,0.567,0.007
74.093,83.214,0.038,0.456,-1.324,-1.592,0.043,0.137,0.007
26.661,477.216,0.110,0.303,-1.014,-2.017,0.082,0.372,0.004
2.805,32.056,0.047,0.064,1.332,0.613,0.292,0.262,0.003
21.764,58.322,0.086,0.176,2.679,2.626,0.173,-0.709,0.046
49.782,238.529,0.072,0.318,-1.707,-1.107,0.107,-0.179,0.007
103.283,105.851,0.109,0.328,-0.798,-1.783,0.344,0.597,0.014
5.639,48.313,0.106,0.372,1.106,0.982,0.116,0.504,0.004
0.147,20.880,0.000,0.001,-1.096,-1.486,0.429,0.363,0.014
155.126,117.616,0.016,0.294,-1.731,-1.475,0.072,-0.254,0.006
134.962,132.580,0.005,0.398,-1.979,-1.276,0.125,-0.451,0.005
15.797,65.447,0.000,0.161,0.258,0.468,0.601,0.915,0.423
19.758,112.942,0.003,0.072,-1.390,-2.101,0.422,0.024,0.012
0.137,231.885,0.000,0.411,1.158,1.649,0.061,0.488,0.002
4.704,38.031,0.159,0.394,0.132,2.900,0.143,0.842,0.006
-99999.000,114.158,0.012,0.082,-1.410,-1.502,0.057,0.059,0.004
58.527,135.303,0.480,0.180,1.640,1.582,0.242,0.036,0.010
11.400,135.784,0.004,0.181,-1.322,-1.693,0.110,0.131,0.003
34.381,175.229,0.000,0.028,-2.006,-1.619,0.138,-0.517,0.011
20.571,330.948,0.102,0.001,-1.631,-1.322,0.084,-0.141,0.004
47.985,32.226,0.010,0.348,-1.464,-2.223,0.100,-0.048,0.001
32.759,97.700,0.064,0.259,-1.205,-0.643,0.153,0.222,0.011
69.319,277.540,0.013,0.220,-0.966,-1.443,0.099,0.482,0.005
32.988,25.335,0.046,0.443,1.047,1.891,0.155,0.543,0.002
0.047,400.526,0.000,0.013,-0.710,-0.830,0.241,0.627,0.013
123.492,72.344,0.010,0.189,1.395,0.602,0.107,0.224,0.011
11.125,36.180,0.054,0.115,-1.535,-1.205,0.128,-0.038,0.002
0.395,648.772,0.090,0.344,1.497,1.526,0.074,0.183,0.002
129.117,315.961,0.032,0.442,-0.805,-0.506,0.065,0.435,0.005
187.692,77.563,0.022,0.203,1.201,2.083,0.164,0.368,0.011
21.300,95.734,0.017,0.170,-0.961,-1.359,0.310,0.487,0.007
194.036,22.772,0.303,0.446,-0.329,-2.463,0.217,0.810,0.025
21.943,66.022,0.005,0.119,-1.628,-1.197,0.115,-0.123,0.004
4.884,115.876,0.109,0.405,2.028,1.464,0.063,-0.333,0.003
86.759,156.980,0.054,0.190,0.670,0.937,0.047,0.800,0.080
5.335,82.852,0.044,0.191,1.268,1.141,0.208,0.395,0.007
34.135,61.574,0.026,0.463,-1.742,-1.131,0.064,-0.215,0.003
22.100,306.988,0.045,0.081,2.651,1.724,0.430,-0.828,0.064
3.437,209.042,0.508,0.208,0.973,1.398,0.505,0.650,0.046
-99999.000,235.375,0.028,0.089,-0.876,-0.676,0.440,0.454,0.023
0.119,326.667,0.038,0.037,-0.670,-1.957,0.047,0.670,0.009
48.053,61.416,0.161,0.295,0.773,1.016,0.306,0.751,0.045
86.728,45.771,0.036,0.171,-1.262,-0.599,0.179,0.181,0.006
114.201,100.918,0.097,0.253,-0.981,-1.150,0.227,0.462,0.010
10.096,147.538,0.185,0.052,-1.476,-1.504,0.337,-0.006,0.008
27.810,104.255,0.012,0.387,1.184,1.974,0.275,0.410,0.003
39.994,233.272,0.191,0.077,-1.608,-0.124,0.181,0.061,0.014
20.034,78.651,0.068,0.372,-1.640,-2.308,0.122,-0.182,0.005
6.853,85.024,0.012,0.031,-0.756,-2.052,0.329,0.584,0.017
46.951,48.437,0.019,0.390,-1.677,-1.308,0.169,-0.183,0.002
35.767,57.380,0.030,0.195,-1.352,-1.819,0.244,0.089,0.004
111.455,44.375,0.052,0.298,0.837,1.099,0.353,0.722,0.020
75.733,80.324,0.130,0.154,-1.395,-1.536,0.331,0.071,0.011
26.798,103.026,0.139,0.016,-1.210,-1.543,0.313,0.253,0.010
39.262,252.338,0.000,0.001,0.414,2.009,0.162,0.919,0.019
17.270,368.745,0.112,0.009,0.331,2.534,0.133,0.847,0.013
0.275,243.504,0.000,0.182,-1.224,-1.158,0.106,0.249,0.005
9.849,158.488,0.544,0.057,2.800,0.429,0.160,-0.678,0.081
35.836,216.499,0.157,0.202,-0.667,-1.323,0.031,0.716,0.009
18.591,861.472,0.564,0.008,-0.875,-0.508,0.145,0.389,0.010
32.756,398.244,0.220,0.010,-1.558,-2.417,0.190,-0.121,0.009
0.026,200.448,0.000,0.017,-0.394,-0.535,0.317,0.777,0.165
15.239,28.218,0.104,0.194,-1.299,-1.926,0.163,0.128,0.003
6.337,47.877,0.036,0.095,1.570,1.228,0.213,0.128,0.003
57.047,134.958,0.010,0.210,1.180,1.832,0.062,0.443,0.003
-99999.000,305.783,0.084,0.057,-1.741,-1.523,0.314,-0.269,0.007
0.430,44.481,0.008,0.379,-2.024,-1.229,0.559,-0.480,0.008
53.412,31.832,0.146,0.289,-1.666,-2.564,0.109,-0.175,0.002
13.377,109.320,0.774,0.146,1.485,0.622,0.069,0.175,0.015
81.305,22.662,0.607,0.372,-0.142,-2.413,0.389,0.942,0.027
77.837,83.233,0.133,0.457,-0.882,-1.267,0.115,0.551,0.010
8.446,46.497,0.000,0.390,1.376,1.775,0.317,0.274,0.003
-99999.000,48.373,0.020,0.065,-0.968,-2.531,0.261,0.247,0.005
64.154,40.460,0.156,0.357,1.059,1.247,0.465,0.577,0.027
51.560,28.259,0.004,0.500,-1.895,-2.193,0.182,-0.389,0.003
0.309,67.116,0.231,0.069,0.892,0.485,0.293,0.460,0.020
74.766,145.385,0.007,0.293,-1.868,-1.245,0.077,-0.348,0.006
-99999.000,203.068,0.272,0.404,-2.651,-0.514,0.038,-0.659,0.012
35.954,31.995,0.078,0.365,1.524,0.912,0.131,0.169,0.002
9.834,157.260,0.112,0.136,-1.598,-2.064,0.101,-0.154,0.005
2.253,24896.738,0.000,0.213,1.522,1.569,0.090,0.155,0.003
1.304,75.668,0.005,0.084,-1.609,-1.979,0.479,-0.163,0.018
0.521,113.910,0.000,0.022,1.721,1.578,0.266,-0.044,0.005
69.976,302.501,0.300,0.000,-0.809,-0.907,0.101,0.568,0.013
70.857,49.202,0.012,0.265,-2.135,-1.650,0.315,-0.624,0.011
-99999.000,45.367,0.083,0.221,-1.571,-0.981,0.447,-0.045,0.024
10.754,39.827,0.023,0.059,1.074,1.381,0.382,0.571,0.005
20.450,863.281,0.006,0.381,-1.272,-1.587,0.137,0.189,0.002
11.665,18.998,0.026,0.303,0.576,0.645,0.258,0.767,0.045
58.774,100.851,0.021,0.299,1.604,1.615,0.034,0.069,0.004
38.403,75.026,0.026,0.131,1.683,1.354,0.427,0.011,0.035
6.398,27.099,0.018,0.144,-1.531,-1.103,0.354,-0.024,0.004
4.328,79.220,0.002,0.241,-1.297,-1.384,0.318,0.178,0.005
21.850,36.974,0.049,0.227,-1.033,-1.981,0.179,0.362,0.002
0.036,424.044,0.000,0.023,-1.026,-1.397,0.132,0.430,0.004
36.828,136.688,0.054,0.077,1.674,0.932,0.141,0.050,0.007
153.556,92.792,0.011,0.301,-0.285,-1.137,0.232,0.924,0.047
27.579,19.544,0.070,0.354,-1.122,-1.084,0.126,0.336,0.002
88.939,143.988,0.055,0.221,-1.229,-0.685,0.192,0.212,0.013
0.260,85.264,0.000,0.100,0.205,0.184,0.106,0.729,0.124
18.100,68.970,0.092,0.072,-1.569,-1.709,0.111,-0.115,0.006
11.502,908.183,0.000,0.026,-1.639,-1.770,0.110,-0.185,0.003
67.157,17.400,0.044,0.424,-1.018,-1.328,0.158,0.437,0.002
75.888,393.397,0.014,0.005,-1.071,-1.937,0.208,0.337,0.003
-99999.000,65.585,0.110,0.351,3.062,2.921,0.268,-0.950,0.334
37.490,33.633,0.061,0.049,-0.954,-1.179,0.331,0.487,0.003
75.315,33.106,0.116,0.148,-1.274,-1.627,0.232,0.184,0.003
22.801,127.750,0.106,0.422,-1.376,-0.819,0.151,0.118,0.008
16.899,33.427,0.091,0.205,-0.762,-2.820,0.214,0.209,0.002
233.144,55.366,0.136,0.264,-2.323,-1.836,0.128,-0.756,0.016
