run_number,subrun_number,event_number,ppfx_cv,weightSplineTimesTune,sss_candidate_min_dist,reco_shower_energy_max,reco_shower_nuscore,reco_shower_trackscore,reco_shower_theta_yz,reco_shower_phi_yx,reco_shower_opening_angle,cos_theta,bdt_score
17219.000,75.000,3766.000,1.034,1.000,49.896,411.682,0.141,0.028,-0.560,-0.373,0.083,0.528,0.020
15689.000,138.000,6909.000,0.857,1.100,-99999.000,97.481,0.427,0.276,-1.054,-1.509,0.220,0.401,0.009
17681.000,35.000,1800.000,0.529,1.000,7.855,184.514,0.335,0.078,0.230,2.973,0.246,0.529,0.008
17488.000,192.000,9612.000,0.947,1.000,-99999.000,575.201,0.966,0.027,-0.019,-0.101,0.187,0.987,0.672
18008.000,57.000,2867.000,0.965,1.000,0.058,381.175,0.000,0.271,0.467,0.867,0.269,0.900,0.179
18008.000,57.000,2888.000,0.528,1.000,0.423,224.368,0.540,0.031,-0.008,-3.122,0.090,0.882,0.087
14603.000,33.000,1654.000,0.928,1.126,38.317,575.938,0.260,0.027,-0.165,-1.843,0.543,0.956,0.031
14603.000,33.000,1693.000,0.893,1.000,-99999.000,375.177,0.175,0.036,-0.854,-0.897,0.065,0.530,0.007
17566.000,13.000,677.000,0.814,1.000,6.628,169.895,0.099,0.136,-2.131,-1.509,0.278,-0.612,0.023
17091.000,21.000,1093.000,0.449,1.000,72.997,593.355,0.224,0.077,2.702,2.559,0.218,-0.758,0.024
14512.000,7.000,374.000,0.567,0.961,23.486,829.130,0.010,0.000,-0.900,-1.365,0.083,0.539,0.004
16867.000,186.000,9305.000,0.565,1.054,25.863,38.765,0.077,0.025,-1.152,-1.207,0.313,0.315,0.003
17226.000,35.000,1751.000,0.931,1.000,44.728,407.824,0.000,0.041,0.277,0.292,0.149,0.780,0.484
16144.000,71.000,3597.000,0.596,inf,2.535,94.668,0.000,0.038,-1.098,-2.464,0.354,0.180,0.006
17206.000,107.000,5357.000,0.936,1.264,195.648,287.032,0.956,0.013,0.629,2.381,0.090,0.693,0.065
14954.000,39.000,1973.000,0.578,1.000,39.842,452.893,0.332,0.003,-0.514,-0.251,0.199,0.445,0.035
16113.000,149.000,7468.000,0.940,0.241,22.086,826.086,0.909,0.089,-0.099,-0.268,0.059,0.945,0.196
16113.000,238.000,11911.000,1.166,1.176,-99999.000,1311.629,0.908,0.003,0.028,0.038,0.096,0.849,0.943
16573.000,38.000,1945.000,0.746,0.414,37.528,858.956,0.000,0.000,0.165,0.345,0.270,0.938,0.870
18021.000,432.000,21623.000,0.958,1.000,0.181,41.331,0.079,0.133,-1.501,-1.493,0.256,-0.030,0.003
17370.000,46.000,2312.000,1.035,1.000,-99999.000,94.355,0.016,0.327,-1.787,-0.862,0.088,-0.192,0.004
15421.000,44.000,2236.000,1.001,1.000,27.637,792.430,0.997,0.035,-0.117,-0.231,0.289,0.906,0.877
17956.000,269.000,13493.000,0.667,1.000,14.236,71.680,0.119,0.164,-1.370,-2.435,0.301,0.002,0.005
17956.000,269.000,13494.000,1.718,1.230,-99999.000,176.154,0.412,0.100,3.065,3.114,0.092,-0.407,0.015
17956.000,317.000,15896.000,0.848,1.000,9.579,211.394,0.011,0.011,-1.546,-1.705,0.246,-0.091,0.005
17132.000,148.000,7411.000,0.985,1.173,8.876,86.734,0.263,0.205,-2.492,-1.015,0.072,-0.772,0.024
17865.000,385.000,19276.000,0.961,1.000,29.776,254.811,0.418,0.012,0.644,0.722,0.074,0.752,0.085
15931.000,254.000,12723.000,0.628,1.000,7.015,127.875,0.051,0.143,2.640,0.780,0.178,-0.701,0.029
18954.000,270.000,13515.000,1.093,1.744,31.702,327.029,0.134,0.055,-0.070,-3.085,0.420,0.557,0.016
17687.000,10.000,547.000,0.637,1.000,20.449,25.806,0.069,0.390,1.128,1.559,0.322,0.521,0.003
17171.000,43.000,2175.000,1.069,2.532,55.019,26.698,0.089,0.384,-0.583,-2.709,0.160,0.434,0.003
17998.000,96.000,4832.000,1.192,1.000,6.402,469.621,0.984,0.030,-0.435,-1.824,0.375,0.841,0.026
17874.000,89.000,4458.000,1.040,1.000,33.695,629.787,0.028,0.016,0.871,0.728,0.237,0.598,0.027
14736.000,163.000,8184.000,1.034,1.176,31.585,1018.060,0.998,0.023,0.208,1.022,0.129,0.994,0.258
17205.000,43.000,2154.000,1.125,1.177,20.731,1817.845,0.000,0.000,0.055,0.552,0.132,0.999,0.041
17205.000,158.000,7930.000,1.001,1.000,5.789,369.285,0.805,0.019,-0.404,-0.402,0.124,0.692,0.103
17630.000,119.000,5995.000,0.994,1.169,0.026,60.700,0.000,0.025,-0.390,-0.339,0.577,0.653,0.058
16489.000,1.000,68.000,0.502,1.000,31.650,75.355,0.010,0.095,-1.683,-2.233,0.330,-0.219,0.005
14938.000,1.000,95.000,0.681,1.000,37.287,27.373,0.085,0.248,-1.589,-1.283,0.119,-0.097,0.003
17199.000,12.000,630.000,0.807,1.000,57.698,1854.365,0.357,0.005,0.339,0.552,0.040,0.891,0.410
17091.000,7.000,384.000,0.503,1.000,8.782,489.691,0.732,0.005,-0.268,-0.598,0.226,0.894,0.539
17327.000,84.000,4226.000,0.814,1.000,0.109,443.648,0.000,0.431,-1.785,-0.776,0.017,-0.167,0.003
15689.000,145.000,7270.000,0.666,1.000,130.381,400.491,0.983,0.003,-0.134,-0.203,0.031,0.854,0.791
16036.000,215.000,10788.000,0.580,1.000,6.088,534.643,0.000,0.009,-0.273,-1.293,0.334,0.929,0.037
17560.000,45.000,2254.000,0.527,1.000,16.553,470.145,0.554,0.007,0.668,0.490,0.126,0.610,0.052
17084.000,11.000,577.000,1.004,1.000,45.279,63.332,0.038,0.276,-1.279,-2.142,0.126,0.114,0.006
15900.000,110.000,5508.000,0.630,1.000,14.342,28.488,0.055,0.140,-1.362,-2.276,0.150,0.028,0.002
15900.000,130.000,6526.000,0.842,1.168,20.853,609.826,0.863,0.013,-0.347,-2.027,0.129,0.871,0.036
14831.000,199.000,9959.000,0.830,1.000,48.444,378.776,0.013,0.040,-2.505,-0.435,0.461,-0.468,0.050
15121.000,2.000,122.000,0.574,1.000,-99999.000,59.513,0.079,0.245,2.610,1.974,0.164,-0.799,0.029
18752.000,392.000,19609.000,0.915,1.092,9.526,601.023,0.986,0.027,0.449,0.683,0.199,0.866,0.575
14924.000,50.000,2537.000,0.359,1.119,47.365,165.677,0.124,0.435,1.031,1.174,0.113,0.592,0.021
18651.000,59.000,2975.000,0.957,1.000,-99999.000,287.922,0.918,0.030,0.138,0.298,0.040,0.941,0.912
17162.000,31.000,1594.000,0.900,1.000,25.109,280.543,0.059,0.065,-1.184,-1.593,0.293,0.274,0.006
17162.000,90.000,4542.000,1.361,1.000,66.559,16.712,0.314,0.464,0.476,2.203,0.621,0.856,0.078
14770.000,4.000,216.000,0.909,1.000,-99999.000,242.164,0.285,0.009,-1.468,-0.596,0.155,0.063,0.015
14770.000,70.000,3519.000,0.561,1.000,6.577,1034.864,0.138,0.140,-0.279,-0.677,0.315,0.899,0.077
14152.000,95.000,4759.000,0.991,0.654,17.640,146.065,0.011,0.369,-1.614,-1.068,0.046,-0.093,0.003
17471.000,7.000,395.000,0.779,1.000,15.292,549.020,0.173,0.001,-0.354,-1.208,0.181,0.896,0.053
15603.000,26.000,1328.000,0.929,1.000,6.136,310.782,0.177,0.010,1.580,2.462,0.109,-0.000,0.003
17555.000,3.000,192.000,0.977,1.000,26.350,526.426,0.125,0.002,-0.645,-0.852,0.245,0.681,0.020
15499.000,52.000,2619.000,0.552,1.174,8.807,69.743,0.161,0.318,-2.551,-2.033,0.347,-0.872,0.042
15466.000,179.000,8957.000,0.922,1.302,298.708,188.982,0.041,0.124,0.822,1.017,0.278,0.718,0.083
16203.000,154.000,7747.000,0.635,1.000,-99999.000,116.495,0.034,0.081,2.322,2.712,0.067,-0.385,0.004
15228.000,64.000,3221.000,0.997,1.209,87.348,1715.987,0.000,0.000,0.092,1.828,0.033,0.995,0.005
14127.000,176.000,8834.000,0.722,1.000,13.469,162.231,0.000,0.153,0.035,0.063,0.623,0.906,0.676
16022.000,172.000,8629.000,0.701,1.000,15.285,277.648,0.937,0.140,0.124,0.241,0.102,0.926,0.956
16022.000,172.000,8632.000,0.904,1.000,-99999.000,50.917,0.065,0.364,-2.004,-1.571,0.172,-0.512,0.005
16022.000,435.000,21770.000,1.003,1.000,25.342,222.376,0.163,0.068,0.322,1.728,0.503,0.969,0.043
15282.000,48.000,2432.000,0.851,1.000,22.275,69.765,0.115,0.474,1.176,2.105,0.253,0.383,0.007
15799.000,173.000,8690.000,1.036,1.000,31.651,462.733,0.991,0.005,-0.092,-2.205,0.179,0.970,0.119
18663.000,47.000,2377.000,1.276,1.000,8.161,233.477,0.298,0.009,0.657,1.935,0.125,0.810,0.016
15803.000,71.000,3573.000,0.969,1.000,9.341,60.099,0.174,0.176,-0.760,-1.727,0.261,0.633,0.014
14409.000,56.000,2827.000,1.142,1.000,14.554,54.110,0.029,0.484,-1.980,-0.875,0.154,-0.342,0.005
18574.000,283.000,14159.000,1.079,1.000,-99999.000,42.035,0.266,0.152,1.008,2.833,0.421,0.144,0.014
18574.000,297.000,14894.000,0.987,1.000,37.774,365.295,0.700,0.002,-1.345,-1.590,0.312,0.117,0.008
15677.000,329.000,16486.000,1.010,1.000,471.090,28.315,0.263,0.023,-0.208,-0.146,0.296,0.615,0.020
18510.000,427.000,21391.000,1.211,1.070,0.353,277.734,0.000,0.054,2.617,0.856,0.197,-0.706,0.032
16872.000,19.000,960.000,0.517,1.000,-99999.000,527.034,0.754,0.012,-0.155,-1.822,0.275,0.959,0.073
14685.000,42.000,2131.000,0.976,1.132,16.594,50.982,0.071,0.202,-1.207,-1.145,0.531,0.264,0.018
18937.000,2.000,101.000,0.991,1.000,111.033,545.191,0.171,0.009,0.907,0.502,0.280,0.462,0.020
18937.000,12.000,627.000,1.036,1.083,20.235,1446.624,0.742,0.011,0.109,0.205,0.090,0.920,0.965
18937.000,17.000,856.000,0.869,1.000,29.921,199.470,0.012,0.042,-1.999,-2.378,0.211,-0.423,0.006
15286.000,57.000,2882.000,1.415,1.000,10.749,761.506,0.268,0.142,-0.469,-0.879,0.441,0.811,0.089
15590.000,367.000,18376.000,0.338,1.000,8.987,139.286,0.089,0.077,-1.499,-0.933,0.155,0.019,0.007
17159.000,12.000,649.000,1.118,1.125,1.818,342.321,0.774,0.002,-0.387,-2.355,0.073,0.794,0.025
14259.000,65.000,3269.000,0.755,1.000,10.353,36.803,0.000,0.433,2.075,1.399,0.531,-0.369,0.013
17871.000,295.000,14797.000,0.965,5.843,153.459,141.552,0.018,0.068,-2.027,-0.951,0.068,-0.405,0.009
16588.000,92.000,4638.000,0.998,1.000,31.727,146.366,0.013,0.227,-1.759,-2.030,0.038,-0.295,0.003
16588.000,107.000,5382.000,0.691,1.000,0.276,226.914,0.000,0.079,0.406,0.140,0.112,0.394,0.010
16588.000,180.000,9035.000,1.022,1.324,49.222,124.374,0.076,0.041,-1.220,-1.883,0.130,0.207,0.008
18756.000,116.000,5807.000,0.988,1.000,0.089,922.005,0.000,0.000,0.465,1.254,0.564,0.935,0.065
18265.000,177.000,8880.000,0.745,1.173,88.344,168.985,0.123,0.415,-0.570,-1.983,0.066,0.738,0.020
14186.000,80.000,4032.000,0.891,1.000,20.337,164.779,0.059,0.297,-1.405,-1.591,0.058,0.057,0.005
18577.000,286.000,14305.000,1.002,1.000,15.857,123.628,0.018,0.278,1.677,1.301,0.080,0.021,0.004
14676.000,26.000,1320.000,0.994,0.000,48.852,656.271,0.609,0.002,0.181,0.233,0.055,0.840,0.628
17726.000,175.000,8780.000,1.146,1.000,69.506,89.981,0.053,0.103,-1.157,-1.568,0.209,0.301,0.008
18712.000,395.000,19793.000,1.040,1.166,12.343,168.175,0.000,0.012,-0.906,-2.092,0.234,0.448,0.005
18492.000,507.000,25374.000,0.768,1.000,14.107,94.241,0.205,0.356,0.494,2.721,0.452,0.575,0.020
17667.000,270.000,13532.000,0.596,1.165,29.481,49.963,0.052,0.250,0.938,0.983,0.167,0.629,0.016
15316.000,149.000,7494.000,1.086,1.000,29.354,714.380,0.000,0.017,0.223,1.497,0.047,0.991,0.008
14626.000,149.000,7476.000,1.054,5.498,-99999.000,213.571,0.297,0.190,0.384,0.223,0.176,0.564,0.040
16878.000,117.000,5859.000,1.053,1.000,-99999.000,146.737,0.182,0.112,-1.032,-1.790,0.200,0.396,0.007
18248.000,8.000,443.000,1.012,0.965,13.715,243.647,0.256,0.057,2.744,2.345,0.101,-0.844,0.025
18248.000,8.000,444.000,1.066,1.000,37.547,392.448,0.157,0.017,-1.094,-1.310,0.319,0.369,0.005
17271.000,169.000,8484.000,0.649,1.000,7.370,38.402,0.027,0.385,-1.596,-0.943,0.085,-0.060,0.002
18928.000,149.000,7452.000,0.563,0.003,42.556,133.514,0.232,0.073,2.541,2.282,0.209,-0.716,0.035
14824.000,314.000,15701.000,0.236,1.278,14.951,421.453,0.716,0.137,0.798,0.998,0.114,0.731,0.022
14205.000,9.000,499.000,0.587,1.000,13.264,210.250,0.148,0.017,2.142,0.476,0.086,-0.166,0.012
18615.000,495.000,24753.000,1.011,1.000,-99999.000,754.213,0.586,0.000,-0.000,-0.000,0.298,0.818,0.757
15140.000,177.000,8862.000,0.399,1.000,0.201,213.578,0.000,0.010,-2.530,-0.363,0.103,-0.416,0.021
15140.000,205.000,10253.000,0.951,0.001,32.502,559.316,0.185,0.012,-0.570,-1.832,0.178,0.758,0.010
14306.000,219.000,10959.000,1.225,1.177,65.093,1605.225,0.858,0.012,-0.062,-0.271,0.017,0.976,0.014
15511.000,42.000,2137.000,0.977,1.000,0.344,403.155,0.280,0.375,1.588,2.012,0.391,0.047,0.005
17965.000,41.000,2090.000,1.045,1.000,44.915,809.937,0.993,0.004,-0.178,-2.735,0.190,0.854,0.059
17965.000,188.000,9447.000,0.527,0.000,43.349,920.787,0.606,0.004,-0.069,-0.086,0.125,0.815,0.632
14383.000,43.000,2170.000,1.043,1.000,23.101,147.547,0.020,0.125,-2.006,-0.607,0.272,-0.250,0.008
14383.000,43.000,2194.000,1.040,1.147,17.277,85.494,0.191,0.059,0.847,2.388,0.193,0.526,0.007
18765.000,238.000,11935.000,0.415,1.000,50.213,703.839,0.971,0.026,0.013,0.037,0.377,0.963,0.575
14631.000,58.000,2913.000,1.010,1.000,60.715,321.791,0.044,0.001,-1.271,-0.429,0.054,0.154,0.014
14631.000,171.000,8576.000,0.981,1.000,74.850,32.299,0.090,0.441,1.486,1.982,0.105,0.143,0.003
17961.000,8.000,406.000,0.821,1.000,0.158,87.516,0.000,0.002,-0.287,-0.145,0.266,0.493,0.018
16113.000,104.000,5204.000,0.916,1.235,37.678,579.589,0.165,0.007,0.230,1.379,0.063,0.992,0.023
17765.000,13.000,659.000,0.959,1.000,119.059,897.662,0.995,0.146,0.025,0.052,0.107,0.933,0.992
18059.000,3.000,182.000,1.193,1.000,70.921,232.540,0.644,0.020,0.142,2.935,0.169,0.782,0.073
18059.000,3.000,184.000,0.232,1.164,0.581,278.980,0.000,0.040,0.160,2.600,0.239,0.942,0.034
17975.000,126.000,6310.000,1.021,1.000,65.097,790.585,0.905,0.040,-0.352,-0.692,0.228,0.855,0.317
14224.000,37.000,1864.000,0.834,1.000,22.623,190.952,0.049,0.037,1.246,0.830,0.246,0.367,0.014
15639.000,58.000,2901.000,1.020,1.000,78.970,91.831,0.797,0.376,-0.425,-0.973,0.055,0.849,0.105
15639.000,150.000,7506.000,0.515,1.000,0.059,489.218,0.000,0.136,0.836,1.152,0.205,0.730,0.027
17753.000,174.000,8735.000,0.582,1.000,-99999.000,113.896,0.347,0.094,0.726,0.374,0.127,0.481,0.036
15079.000,52.000,2639.000,0.972,,14.331,201.938,0.647,0.381,0.244,0.293,0.037,0.820,0.220
17235.000,33.000,1658.000,0.748,1.000,48.472,92.909,0.016,0.303,1.277,1.146,0.316,0.388,0.011
18011.000,90.000,4532.000,0.514,1.000,60.564,1242.722,0.000,0.000,-2.975,-1.457,0.026,-0.993,0.160
18010.000,61.000,3096.000,0.977,1.000,10.259,368.896,0.184,0.056,-2.864,-2.797,0.088,-0.829,0.202
17406.000,14.000,701.000,1.041,1.000,7.068,320.900,0.420,0.036,0.183,1.983,0.408,0.985,0.032
17406.000,21.000,1075.000,1.074,1.172,149.995,35.903,0.023,0.395,1.428,1.654,0.324,0.238,0.004
18631.000,263.000,13181.000,0.501,1.313,117.233,75.131,0.548,0.432,-2.989,-2.931,0.117,-0.857,0.146
18631.000,375.000,18800.000,0.616,1.000,-99999.000,140.181,0.013,0.225,-1.292,-1.296,0.147,0.186,0.004
15297.000,1.000,83.000,1.005,1.000,32.816,119.229,0.120,0.349,1.397,2.614,0.135,0.073,0.005
14965.000,121.000,6061.000,1.051,1.000,-99999.000,91.764,0.000,0.182,-1.224,-1.268,0.330,0.250,0.004
18007.000,12.000,633.000,1.091,1.000,12.215,125.787,0.084,0.424,-0.049,-2.903,0.359,0.950,0.050
15222.000,101.000,5072.000,0.490,1.435,28.714,41.755,0.649,0.235,0.288,2.403,0.195,0.912,0.025
18469.000,55.000,2778.000,0.795,1.000,0.125,439.523,0.000,0.086,0.456,1.027,0.395,0.925,0.143
17847.000,125.000,6268.000,1.320,1.000,30.201,182.730,0.213,0.054,0.079,0.109,0.265,0.855,0.828
18622.000,54.000,2741.000,0.738,,115.868,36.854,0.117,0.480,-1.086,-1.786,0.223,0.346,0.004
15291.000,323.000,16174.000,1.248,1.179,0.157,196.194,0.000,0.228,-0.504,-0.597,0.044,0.711,0.016
17638.000,18.000,936.000,1.042,1.000,10.687,343.995,0.132,0.010,0.136,0.213,0.167,0.886,0.934
15676.000,144.000,7234.000,0.995,1.000,21.832,281.460,0.267,0.011,0.790,2.229,0.201,0.639,0.013
17407.000,34.000,1712.000,0.717,1.000,62.809,160.649,0.631,0.036,0.125,0.112,0.143,0.729,0.502
17407.000,67.000,3378.000,0.946,1.161,0.366,280.796,0.295,0.181,0.177,0.055,0.020,0.374,0.028
15834.000,27.000,1387.000,0.985,1.000,19.341,727.710,0.877,0.092,0.039,0.048,0.341,0.822,0.542
15834.000,149.000,7491.000,1.139,1.000,5.898,274.238,0.916,0.045,-0.047,-0.094,0.190,0.917,0.898
16978.000,504.000,25220.000,1.051,1.000,-99999.000,80.366,0.101,0.233,-1.141,-1.694,0.340,0.305,0.007
16253.000,39.000,1960.000,1.185,1.000,8.149,31.676,0.108,0.445,-1.505,-1.228,0.115,-0.012,0.003
16150.000,268.000,13446.000,0.541,1.000,52.631,69.063,0.037,0.494,-1.698,-1.131,0.066,-0.176,0.008
14673.000,41.000,2089.000,0.878,1.000,16.700,50.116,0.027,0.491,1.182,0.992,0.094,0.446,0.003
17352.000,131.000,6556.000,0.952,1.000,10.847,361.987,0.214,0.002,-0.590,-2.694,0.104,0.440,0.005
16379.000,220.000,11029.000,1.395,1.000,0.057,496.373,0.000,0.003,0.579,1.854,0.267,0.864,0.032
16299.000,2.000,150.000,0.341,1.000,23.476,178.374,0.177,0.022,-0.813,-2.369,0.149,0.437,0.007
17324.000,66.000,3328.000,1.050,1.000,-99999.000,183.903,0.146,0.095,1.485,2.254,0.231,0.098,0.005
18226.000,74.000,3714.000,0.625,1.000,13.131,458.780,0.215,0.089,-0.287,-0.675,0.385,0.894,0.126
14568.000,22.000,1113.000,0.403,1.000,32.526,278.587,0.112,0.003,1.046,2.019,0.080,0.513,0.004
18685.000,297.000,14859.000,0.996,1.000,33.248,503.656,0.015,0.008,-0.695,-0.394,0.064,0.444,0.008
15266.000,49.000,2484.000,1.469,1.000,54.887,2296.064,0.076,0.009,-0.023,-0.060,0.227,0.951,0.847
14335.000,197.000,9868.000,1.025,1.000,0.363,268.944,0.912,0.108,-0.076,-0.078,0.087,0.760,0.473
16696.000,76.000,3820.000,0.518,1.000,35.519,678.914,0.650,0.013,-0.074,-0.627,0.328,0.984,0.038
18612.000,38.000,1940.000,1.221,1.000,46.176,146.314,0.003,0.127,-1.079,-1.707,0.125,0.362,0.005
18021.000,175.000,8763.000,0.794,1.153,0.175,735.594,0.907,0.016,-0.088,-0.077,0.067,0.703,0.139
18021.000,175.000,8797.000,1.046,1.144,123.044,410.360,0.730,0.019,-0.312,-0.218,0.067,0.597,0.095
18021.000,466.000,23324.000,1.009,1.000,24.223,279.776,0.248,0.029,-0.965,-0.685,0.090,0.392,0.009
16847.000,146.000,7343.000,1.171,2.230,54.015,363.387,0.589,0.023,-0.572,-1.855,0.110,0.754,0.019
17447.000,54.000,2737.000,0.934,1.000,0.226,130.212,0.577,0.141,-0.801,-2.764,0.125,0.227,0.014
14634.000,28.000,1412.000,0.515,1.000,0.100,27.969,0.000,0.018,1.585,1.918,0.167,0.060,0.004
17190.000,24.000,1224.000,0.353,0.003,5.509,85.945,0.333,0.219,-0.370,-2.803,0.096,0.561,0.021
16065.000,43.000,2166.000,0.595,1.000,-99999.000,65.828,0.174,0.170,-0.663,-0.554,0.156,0.563,0.017
14607.000,104.000,5225.000,0.918,1.000,30.455,319.401,0.025,0.012,1.006,1.482,0.436,0.624,0.024
14592.000,67.000,3369.000,1.042,1.000,92.739,135.600,0.034,0.486,1.023,2.024,0.061,0.530,0.006
14592.000,82.000,4123.000,1.053,1.000,18.529,97.912,0.012,0.368,-1.199,-1.911,0.107,0.223,0.003
18574.000,285.000,14268.000,0.538,1.000,30.780,90.552,0.033,0.224,1.453,1.354,0.062,0.234,0.005
15771.000,23.000,1183.000,0.509,1.276,16.379,329.367,0.942,0.110,0.084,0.395,0.188,0.993,0.638
14224.000,63.000,3177.000,1.016,1.000,31.276,1627.744,0.938,0.020,-0.748,-1.688,0.118,0.646,0.012
14770.000,10.000,516.000,0.930,1.000,38.161,1274.219,0.925,0.174,0.025,1.269,0.295,0.994,0.038
18010.000,49.000,2488.000,1.023,1.000,26.132,508.125,0.290,0.001,1.176,0.649,0.134,0.366,0.015
18709.000,94.000,4743.000,1.157,1.000,-99999.000,560.263,0.384,0.010,0.527,2.257,0.122,0.812,0.021
18709.000,324.000,16230.000,0.985,1.000,0.765,191.386,0.000,0.060,2.509,1.756,0.098,-0.741,0.025
14301.000,29.000,1453.000,1.120,1.000,0.139,235.875,0.000,0.039,-0.857,-0.877,0.402,0.524,0.009
14464.000,275.000,13789.000,1.042,1.000,8.481,588.516,0.983,0.497,0.031,0.057,0.169,0.910,0.935
16835.000,26.000,1337.000,0.896,1.000,18.646,810.363,0.047,0.002,-1.153,-1.796,0.226,0.282,0.005
16901.000,76.000,3840.000,1.027,1.000,61.114,20.385,0.085,0.357,0.884,1.237,0.145,0.707,0.016
17265.000,17.000,859.000,0.531,1.000,-99999.000,211.073,0.014,0.500,-1.018,-1.728,0.102,0.416,0.003
17070.000,93.000,4665.000,1.122,1.000,29.759,217.740,0.023,0.000,-1.357,-1.683,0.221,0.097,0.004
17070.000,192.000,9605.000,1.112,inf,5.104,625.459,0.891,0.016,0.115,0.136,0.127,0.816,0.599
14450.000,39.000,1975.000,0.887,1.000,18.991,1065.899,0.021,0.066,2.576,1.908,0.443,-0.781,0.104
14450.000,69.000,3473.000,0.958,1.000,1.065,407.070,0.774,0.002,-0.523,-2.087,0.132,0.753,0.038
14127.000,22.000,1145.000,0.845,1.000,0.049,422.889,0.000,0.129,-2.833,-1.738,0.381,-0.979,0.132
17355.000,122.000,6130.000,0.969,1.000,138.161,277.923,0.119,0.061,0.282,0.654,0.470,0.949,0.738
18031.000,11.000,582.000,1.413,1.000,-99999.000,86.151,0.017,0.356,-1.998,-1.115,0.178,-0.431,0.004
14716.000,120.000,6043.000,1.074,1.000,10.730,116.611,0.000,0.019,-0.485,-1.563,0.125,0.828,0.016
14796.000,52.000,2619.000,0.968,1.000,29.637,294.555,0.269,0.001,-0.316,-2.487,0.272,0.813,0.022
14796.000,93.000,4691.000,0.878,1.142,20.393,1252.257,0.741,0.004,-0.254,-0.280,0.080,0.755,0.045
15871.000,28.000,1419.000,0.418,1.000,2.084,1294.026,0.999,0.022,-0.353,-0.582,0.370,0.828,0.179
14300.000,167.000,8376.000,0.854,1.000,107.122,294.076,0.852,0.047,0.402,0.381,0.313,0.737,0.588
14539.000,178.000,8919.000,0.461,1.000,6.214,208.789,0.770,0.064,-0.008,-3.094,0.275,0.962,0.066
18021.000,533.000,26664.000,1.090,1.147,-99999.000,257.613,0.000,0.362,1.615,1.707,0.025,0.051,0.003
18021.000,533.000,26672.000,0.646,1.221,42.920,62.764,0.069,0.450,1.467,2.573,0.207,0.046,0.006
18021.000,533.000,26695.000,1.245,1.137,0.683,83.931,0.089,0.487,-1.333,-1.567,0.313,0.131,0.008
15828.000,273.000,13682.000,1.024,1.000,-99999.000,83.056,0.145,0.203,2.469,2.491,0.100,-0.599,0.009
14301.000,57.000,2857.000,0.504,1.000,57.663,170.597,0.076,0.492,-0.500,-0.563,0.059,0.700,0.092
14450.000,60.000,3004.000,0.518,1.000,11.120,102.957,0.098,0.101,1.556,1.488,0.376,0.127,0.005
18028.000,300.000,15048.000,1.049,1.000,81.423,88.379,0.399,0.491,0.320,3.089,0.044,0.082,0.009
18514.000,446.000,22330.000,0.950,1.000,18.331,54.079,0.463,0.260,0.471,2.646,0.435,0.662,0.026
14956.000,223.000,11159.000,0.960,0.000,57.805,544.712,0.878,0.009,0.334,0.296,0.202,0.719,0.307
14965.000,29.000,1470.000,0.856,1.558,24.104,74.158,0.649,0.435,0.178,0.545,0.112,0.977,0.655
14965.000,171.000,8558.000,0.882,1.106,16.950,54.524,0.111,0.447,-0.313,-0.630,0.049,0.870,0.043
18210.000,120.000,6020.000,1.070,1.072,24.959,93.443,0.052,0.219,-1.278,-2.662,0.116,0.019,0.006
14942.000,88.000,4424.000,0.691,1.000,8.167,366.332,0.356,0.098,-0.505,-0.263,0.366,0.465,0.019
16196.000,208.000,10421.000,0.936,1.000,-99999.000,40.007,0.042,0.394,-0.954,-1.261,0.126,0.491,0.002
15530.000,72.000,3601.000,0.583,1.000,4.920,298.329,0.245,0.007,0.821,0.641,0.219,0.593,0.028
15530.000,72.000,3611.000,1.008,1.000,15.424,367.986,0.621,0.020,0.838,1.186,0.085,0.733,0.021
15396.000,174.000,8732.000,0.554,1.000,188.640,622.359,0.155,0.197,1.832,0.709,0.136,-0.043,0.013
14817.000,55.000,2785.000,0.529,1.204,0.166,167.283,0.000,0.137,-0.530,-0.560,0.352,0.674,0.027
14817.000,55.000,2786.000,1.053,1.215,18.841,28.011,0.078,0.090,-1.676,-2.190,0.220,-0.217,0.002
18232.000,19.000,955.000,1.013,1.000,67.042,262.558,0.010,0.013,-1.577,-1.660,0.034,-0.119,0.006
18245.000,147.000,7382.000,0.921,1.000,49.062,21.156,0.043,0.179,0.922,1.070,0.442,0.658,0.068
14375.000,162.000,8143.000,0.660,1.000,21.945,152.670,0.707,0.311,-0.360,-2.752,0.103,0.625,0.022
17874.000,36.000,1817.000,1.094,1.176,31.210,21.366,0.060,0.206,-0.873,-1.459,0.222,0.560,0.003
17371.000,512.000,25628.000,0.703,1.580,71.284,67.757,0.096,0.143,-0.904,-2.007,0.330,0.470,0.007
14224.000,31.000,1596.000,0.370,1.000,10.253,188.021,0.380,0.106,-0.542,-1.705,0.164,0.787,0.019
18697.000,359.000,17969.000,0.794,1.154,-99999.000,778.007,0.547,0.000,-0.524,-0.690,0.148,0.729,0.062
15402.000,54.000,2721.000,1.057,1.000,7.719,106.844,0.066,0.123,-1.107,-1.955,0.112,0.301,0.007
17214.000,13.000,695.000,1.102,1.000,167.442,527.717,0.620,0.031,0.460,1.598,0.253,0.934,0.077
16199.000,412.000,20647.000,1.017,1.155,57.366,1224.021,0.193,0.002,0.214,0.631,0.095,0.974,0.301
16960.000,74.000,3734.000,0.942,1.000,-99999.000,41.955,0.088,0.446,1.057,0.855,0.156,0.510,0.004
18737.000,38.000,1944.000,0.535,1.000,68.299,106.036,0.013,0.098,1.267,0.674,0.306,0.316,0.014
16312.000,227.000,11364.000,0.997,1.000,3.330,1918.620,0.041,0.008,0.069,0.088,0.109,0.837,0.683
18644.000,14.000,704.000,0.963,1.000,133.081,702.802,0.875,0.009,0.418,0.880,0.102,0.925,0.208
18644.000,14.000,722.000,1.052,1.164,34.749,1467.606,0.104,0.013,-0.106,-0.291,0.243,0.946,0.471
18644.000,244.000,12219.000,0.757,1.371,0.016,96.489,0.000,0.030,-0.701,-1.217,0.279,0.689,0.014
17444.000,10.000,517.000,1.028,1.000,12.333,26.905,0.050,0.288,-0.832,-1.973,0.261,0.538,0.002
17444.000,10.000,534.000,0.986,1.000,19.672,554.972,0.000,0.001,-1.588,-1.753,0.199,-0.136,0.005
16776.000,110.000,5528.000,1.012,1.000,68.192,57.902,0.379,0.260,0.378,0.999,0.374,0.953,0.197
16776.000,154.000,7716.000,0.674,1.152,10.104,1114.031,0.000,0.007,-0.286,-0.667,0.149,0.894,0.077
18903.000,406.000,20331.000,0.934,1.083,-99999.000,41.641,0.026,0.410,1.166,2.604,0.186,0.199,0.003
15903.000,26.000,1342.000,1.026,1.000,17.477,154.317,0.426,0.054,1.406,1.890,0.297,0.230,0.007
15803.000,53.000,2676.000,0.887,14.632,29.913,130.003,0.068,0.263,-0.849,-1.340,0.113,0.580,0.010
16338.000,61.000,3092.000,1.145,1.000,35.879,482.074,0.237,0.022,0.905,1.701,0.282,0.684,0.014
16227.000,270.000,13505.000,0.908,1.000,68.902,109.310,0.203,0.079,0.761,1.393,0.320,0.795,0.081
16355.000,35.000,1771.000,1.050,1.000,245.355,235.696,0.427,0.069,-0.924,-1.688,0.411,0.503,0.010
14248.000,6.000,321.000,0.869,1.000,53.703,178.146,0.062,0.147,1.223,2.440,0.034,0.234,0.004
14248.000,11.000,551.000,1.149,1.000,130.007,280.928,0.281,0.051,-1.079,-1.862,0.528,0.342,0.012
14248.000,13.000,693.000,0.653,1.000,7.165,106.158,0.019,0.132,-1.433,-1.081,0.096,0.064,0.007
17134.000,103.000,5164.000,0.985,1.000,13.095,1300.769,0.000,0.012,0.065,0.084,0.095,0.836,0.702
17134.000,105.000,5264.000,1.095,1.000,0.340,375.367,0.000,0.450,0.164,0.443,0.008,0.967,0.327
17413.000,176.000,8826.000,1.238,1.176,16.448,92.985,0.135,0.083,0.855,1.498,0.288,0.734,0.013
16227.000,179.000,8984.000,0.966,1.000,10.164,107.603,0.631,0.132,-2.617,-0.063,0.200,-0.035,0.039
14401.000,258.000,12944.000,0.992,1.000,32.882,154.459,0.003,0.326,-1.167,-1.650,0.120,0.285,0.003
14553.000,157.000,7862.000,1.053,1.000,72.852,215.182,0.141,0.187,0.897,1.355,0.126,0.705,0.041
14553.000,204.000,10211.000,1.036,1.000,0.165,20.681,0.273,0.292,-1.294,-0.526,0.221,0.155,0.007
15466.000,154.000,7725.000,1.002,1.102,32.390,1001.279,1.000,0.004,0.287,0.729,0.082,0.959,0.596
18928.000,234.000,11722.000,1.502,1.000,-99999.000,82.877,0.065,0.103,-1.747,-1.720,0.351,-0.286,0.009
18928.000,234.000,11738.000,1.067,1.000,24.527,67.243,0.253,0.486,0.713,0.380,0.081,0.495,0.018
17348.000,39.000,1993.000,1.010,1.244,44.716,1307.939,0.445,0.015,-0.961,-1.879,0.322,0.445,0.006
18710.000,64.000,3242.000,1.041,1.257,16.235,42.568,0.272,0.320,0.876,2.368,0.310,0.514,0.004
17508.000,17.000,889.000,0.660,1.000,9.061,161.548,0.068,0.368,0.639,2.560,0.117,0.583,0.007
17508.000,22.000,1133.000,1.015,1.196,0.148,452.371,0.000,0.043,-0.764,-1.422,0.621,0.647,0.019
18710.000,21.000,1093.000,1.159,1.000,41.551,89.410,0.047,0.220,-2.445,-2.480,0.158,-0.690,0.024
16344.000,9.000,455.000,1.013,1.000,0.395,372.931,0.000,0.328,0.003,0.026,0.491,0.994,0.267
16344.000,16.000,817.000,1.002,1.000,22.043,184.650,0.120,0.160,0.495,2.864,0.145,0.407,0.005
17011.000,27.000,1358.000,0.502,1.409,133.063,220.814,0.044,0.030,-0.490,-1.146,0.091,0.823,0.080
17663.000,62.000,3116.000,0.452,1.000,-99999.000,42.385,0.073,0.131,-0.747,-1.826,0.273,0.631,0.007
17663.000,62.000,3125.000,0.956,1.083,4.558,44.902,0.059,0.418,0.931,1.715,0.255,0.663,0.006
14893.000,20.000,1029.000,1.047,1.000,27.830,170.856,0.019,0.285,0.873,2.857,0.087,0.182,0.004
16158.000,170.000,8513.000,0.887,1.000,5.113,499.517,0.664,0.011,0.177,2.226,0.254,0.975,0.030
14590.000,94.000,4734.000,1.114,1.000,4.396,471.406,0.593,0.047,0.049,0.051,0.150,0.770,0.268
17088.000,4.000,248.000,0.922,1.301,12.910,319.138,0.020,0.359,-1.733,-2.423,0.170,-0.235,0.003
17088.000,12.000,615.000,1.108,1.000,29.558,271.314,0.132,0.039,0.522,1.992,0.265,0.873,0.028
14467.000,200.000,10006.000,0.948,1.000,0.007,150.127,0.000,0.206,-0.650,-2.373,0.070,0.572,0.005
16356.000,13.000,661.000,0.685,1.372,221.585,107.466,0.072,0.062,0.532,1.391,0.397,0.911,0.149
18665.000,61.000,3094.000,1.007,1.100,45.698,1380.485,0.937,0.145,0.292,0.458,0.037,0.886,0.670
14335.000,13.000,660.000,1.050,1.000,46.468,126.983,0.000,0.247,-0.781,-2.142,0.239,0.541,0.006
15870.000,292.000,14640.000,0.814,1.000,88.130,101.829,0.980,0.424,0.061,0.064,0.277,0.774,0.767
17569.000,14.000,716.000,0.955,1.000,17.785,829.692,0.999,0.010,0.120,0.250,0.126,0.936,0.978
17569.000,26.000,1338.000,1.039,1.000,1.262,691.066,0.038,0.113,-0.419,-1.893,0.124,0.844,0.012
17569.000,33.000,1683.000,0.925,1.000,42.225,178.420,0.005,0.081,-0.980,-0.826,0.499,0.416,0.043
15423.000,44.000,2202.000,1.041,1.000,25.877,248.859,0.122,0.131,-0.454,-0.890,0.042,0.822,0.031
17367.000,4.000,217.000,0.474,1.000,15.010,276.786,0.975,0.008,0.484,1.500,0.184,0.929,0.072
14878.000,7.000,359.000,0.998,1.000,42.013,409.412,0.832,0.004,0.049,0.025,0.120,0.527,0.124
14878.000,26.000,1329.000,0.779,1.000,0.027,124.308,0.000,0.260,1.444,1.511,0.169,0.235,0.004
15128.000,233.000,11671.000,0.996,1.000,8.001,333.842,0.162,0.091,0.838,0.712,0.105,0.614,0.019
18659.000,42.000,2116.000,0.908,inf,34.235,668.554,0.999,0.007,0.473,0.746,0.234,0.870,0.739
18944.000,6.000,316.000,0.664,1.000,64.643,145.096,0.891,0.037,0.282,0.457,0.108,0.893,0.936
18225.000,206.000,10319.000,0.386,1.000,14.698,128.320,0.335,0.230,0.138,0.452,0.130,0.980,0.459
15767.000,23.000,1192.000,0.662,1.000,-99999.000,210.128,0.136,0.115,2.805,0.339,0.199,-0.604,0.027
17489.000,165.000,8279.000,0.424,0.006,36.800,123.627,0.000,0.108,0.419,0.638,0.269,0.870,0.461
18929.000,426.000,21315.000,0.973,1.000,91.469,447.664,0.967,0.379,-0.056,-1.702,0.314,0.983,0.024
18929.000,426.000,21334.000,1.048,1.000,-99999.000,399.561,0.897,0.015,-0.125,-0.996,0.150,0.973,0.238
18054.000,238.000,11943.000,0.889,1.123,-99999.000,136.770,0.356,0.411,-1.986,-1.340,0.082,-0.470,0.007
18054.000,387.000,19390.000,1.084,1.000,5.664,146.146,0.258,0.141,0.975,0.966,0.190,0.598,0.022
17037.000,0.000,32.000,1.239,1.000,14.595,427.835,0.012,0.474,0.341,2.465,0.401,0.864,0.015
17037.000,19.000,977.000,1.055,1.000,34.482,482.840,0.052,0.083,-1.358,-1.745,0.549,0.091,0.013
18267.000,26.000,1306.000,1.159,1.000,24.058,108.580,0.628,0.049,0.352,0.381,0.129,0.784,0.495
17594.000,125.000,6282.000,1.039,1.000,14.876,140.049,0.094,0.018,1.087,1.334,0.150,0.559,0.010
17855.000,119.000,5972.000,0.979,1.000,6.203,65.191,0.313,0.157,-1.976,-0.229,0.125,-0.043,0.024
15319.000,2.000,128.000,1.010,1.000,5.316,98.448,0.158,0.067,1.243,0.674,0.097,0.331,0.009
15917.000,203.000,10169.000,1.075,1.000,21.599,813.126,0.327,0.038,-0.672,-1.144,0.330,0.705,0.024
15917.000,435.000,21783.000,0.694,1.000,24.326,385.687,0.393,0.005,0.735,1.008,0.168,0.774,0.034
16125.000,23.000,1194.000,0.624,1.078,37.359,54.236,0.019,0.137,-2.209,-1.202,0.350,-0.622,0.029
15828.000,190.000,9517.000,0.832,0.276,0.226,539.731,0.000,0.004,0.324,0.621,0.069,0.921,0.656
16769.000,142.000,7134.000,1.097,1.000,7.754,45.495,0.050,0.156,-0.902,-0.253,0.536,0.241,0.011
17990.000,98.000,4927.000,1.020,1.000,4.131,95.940,0.152,0.329,1.644,1.983,0.232,-0.001,0.005
17990.000,307.000,15376.000,0.997,1.000,33.686,352.197,0.036,0.003,-0.535,-0.188,0.164,0.353,0.021
14139.000,220.000,11033.000,1.414,1.000,108.494,80.901,0.579,0.065,0.098,3.098,0.209,0.335,0.023
16267.000,159.000,7965.000,1.263,1.000,15.343,172.186,0.888,0.018,0.350,2.046,0.138,0.939,0.051
16493.000,94.000,4713.000,0.952,1.000,38.318,232.869,0.163,0.004,-0.831,-0.833,0.071,0.533,0.010
15987.000,297.000,14879.000,0.943,1.000,36.591,166.113,0.094,0.040,1.080,0.062,0.116,0.118,0.019
15987.000,372.000,18625.000,0.846,1.000,97.391,33.775,0.062,0.421,-1.320,-0.683,0.276,0.152,0.004
17699.000,55.000,2788.000,1.021,1.000,11.223,418.620,0.055,0.010,1.740,0.758,0.088,0.014,0.006
14637.000,170.000,8550.000,1.013,1.000,-99999.000,120.579,0.901,0.426,0.568,1.071,0.195,0.879,0.176
18028.000,78.000,3928.000,0.708,1.000,11.408,47.133,0.241,0.427,-0.972,-1.921,0.161,0.428,0.002
18028.000,98.000,4937.000,0.932,1.063,48.019,263.771,0.000,0.479,-1.431,-1.343,0.057,0.050,0.005
18010.000,313.000,15680.000,0.417,1.153,16.627,875.675,0.950,0.005,-0.087,-0.084,0.149,0.736,0.242
18010.000,313.000,15700.000,0.307,1.000,60.684,179.556,0.074,0.132,-2.183,-1.709,0.328,-0.661,0.024
18709.000,353.000,17672.000,0.835,1.000,-99999.000,34.548,0.046,0.466,-1.119,-1.740,0.204,0.321,0.003
17693.000,91.000,4589.000,1.100,1.000,47.509,258.614,0.084,0.111,2.197,0.790,0.059,-0.337,0.009
15124.000,18.000,911.000,0.918,1.153,5.899,41.714,0.015,0.273,-0.903,-1.697,0.098,0.520,0.002
17829.000,121.000,6059.000,1.040,1.000,-99999.000,343.309,0.017,0.005,-0.938,-1.331,0.252,0.507,0.007
16759.000,92.000,4650.000,0.920,1.000,13.787,158.960,0.074,0.016,-2.215,-2.415,0.038,-0.558,0.007
15520.000,136.000,6809.000,0.635,1.000,0.492,166.039,0.000,0.047,1.344,1.591,0.562,0.325,0.010
17847.000,372.000,18650.000,0.930,1.182,0.204,450.383,0.000,0.248,1.588,1.323,0.404,0.106,0.006
17354.000,36.000,1850.000,1.073,1.000,0.217,91.528,0.000,0.005,-2.230,-1.991,0.299,-0.678,0.049
15160.000,146.000,7339.000,0.672,1.152,-99999.000,100.316,0.080,0.034,1.647,1.429,0.262,0.042,0.010
15160.000,228.000,11427.000,0.510,1.286,55.447,24.236,0.023,0.342,-0.902,-1.881,0.271,0.496,0.002
15160.000,228.000,11432.000,0.650,1.000,-99999.000,211.136,0.309,0.004,1.011,1.196,0.099,0.610,0.030
17103.000,31.000,1584.000,1.001,1.000,0.082,1449.677,0.000,0.007,0.079,0.231,0.089,0.970,0.396
18024.000,337.000,16859.000,1.135,1.000,0.194,107.762,0.000,0.284,-0.440,-0.485,0.220,0.712,0.032
16934.000,5.000,292.000,0.957,1.000,-99999.000,49.891,0.018,0.089,1.546,2.038,0.331,0.081,0.003
16934.000,50.000,2541.000,1.068,1.000,9.819,26.301,0.010,0.317,0.783,0.891,0.644,0.714,0.061
17339.000,298.000,14905.000,0.869,1.052,-99999.000,30.610,0.115,0.139,-0.891,-0.552,0.210,0.398,0.005
15465.000,22.000,1139.000,1.028,1.158,48.440,127.174,0.030,0.102,-1.823,-1.284,0.218,-0.315,0.008
15478.000,349.000,17459.000,1.042,1.000,61.091,391.491,0.490,0.047,0.456,1.207,0.203,0.937,0.187
15478.000,351.000,17584.000,1.464,1.000,14.320,1050.432,0.999,0.008,0.054,0.185,0.129,0.979,0.640
15463.000,207.000,10367.000,0.920,1.205,0.218,25.023,0.002,0.464,-0.606,-1.324,0.605,0.758,0.022
18708.000,2.000,118.000,0.955,1.000,8.450,293.730,0.938,0.047,0.163,0.582,0.224,0.985,0.487
16167.000,41.000,2067.000,1.032,1.000,-99999.000,76.004,0.113,0.199,-1.935,-2.223,0.078,-0.414,0.014
15870.000,256.000,12806.000,0.622,1.281,27.734,26.095,0.093,0.271,-1.198,-2.137,0.126,0.186,0.003
15870.000,279.000,13962.000,0.923,1.000,12.622,462.683,0.000,0.087,-1.450,-1.530,0.638,0.017,0.011
14609.000,306.000,15343.000,0.298,inf,45.849,777.538,0.191,0.007,-0.400,-0.206,0.118,0.481,0.014
17592.000,25.000,1282.000,1.049,0.000,19.829,190.208,0.078,0.312,-0.894,-0.839,0.029,0.486,0.006
16210.000,50.000,2532.000,0.958,1.000,68.957,84.404,0.149,0.167,-1.019,-1.545,0.209,0.431,0.009
17023.000,92.000,4614.000,0.959,1.000,60.188,543.351,0.869,0.018,-0.077,-0.193,0.164,0.941,0.954
16949.000,102.000,5124.000,1.006,0.736,55.124,30.629,0.006,0.126,1.835,2.374,0.606,-0.166,0.014
16949.000,252.000,12622.000,0.977,1.000,27.080,184.940,0.091,0.166,1.376,1.105,0.139,0.300,0.009
14741.000,240.000,12033.000,1.105,1.000,60.826,191.392,0.000,0.492,-0.435,-2.385,0.065,0.748,0.016
17745.000,63.000,3193.000,1.109,1.000,0.924,845.312,0.000,0.008,0.889,1.689,0.268,0.697,0.018
14939.000,109.000,5459.000,1.187,1.170,46.018,674.996,0.106,0.010,0.305,0.241,0.090,0.679,0.064
14708.000,45.000,2262.000,0.970,1.176,0.105,160.914,0.000,0.021,-0.064,-0.023,0.279,0.410,0.017
17664.000,16.000,823.000,0.993,1.000,25.383,120.405,0.018,0.458,-1.210,-2.001,0.068,0.199,0.004
14790.000,64.000,3237.000,0.572,1.000,125.099,714.248,0.169,0.296,-0.263,-2.799,0.490,0.705,0.037
14925.000,183.000,9155.000,1.028,inf,97.333,62.023,0.046,0.316,-2.155,-2.801,0.115,-0.321,0.012
15554.000,14.000,726.000,0.769,0.151,59.134,193.383,0.036,0.499,1.517,2.276,0.061,0.070,0.004
18226.000,115.000,5791.000,1.033,1.000,26.095,70.615,0.533,0.136,2.869,1.826,0.308,-0.929,0.148
18035.000,124.000,6221.000,1.034,1.000,20.089,41.607,0.245,0.032,0.747,1.843,0.205,0.771,0.008
14367.000,295.000,14778.000,1.156,1.000,14.903,1326.533,0.592,0.014,0.763,2.627,0.201,0.439,0.005
14722.000,147.000,7380.000,0.994,1.074,42.615,41.556,0.084,0.102,-1.332,-2.110,0.144,0.074,0.002
17210.000,138.000,6906.000,1.200,1.000,17.800,152.965,0.066,0.034,-0.811,-1.766,0.291,0.588,0.009
15466.000,159.000,7987.000,0.743,1.000,23.840,56.258,0.057,0.117,-1.637,-1.735,0.279,-0.182,0.005
18527.000,363.000,18152.000,0.876,1.234,38.996,878.506,0.706,0.008,0.347,0.726,0.033,0.932,0.159
18527.000,363.000,18162.000,0.925,1.117,-99999.000,752.091,0.833,0.008,-0.082,-0.190,0.247,0.932,0.952
18527.000,363.000,18169.000,1.210,1.000,24.552,115.456,0.383,0.061,0.776,2.022,0.156,0.715,0.020
17132.000,518.000,25908.000,0.456,1.000,-99999.000,132.404,0.025,0.067,-1.416,-1.720,0.418,0.036,0.015
17458.000,117.000,5881.000,0.958,1.147,27.416,567.905,0.348,0.035,0.279,0.398,0.344,0.865,0.604
15294.000,12.000,639.000,1.137,1.000,13.775,159.015,0.699,0.275,0.325,0.172,0.152,0.535,0.033
15294.000,58.000,2902.000,0.828,1.000,107.539,134.494,0.242,0.259,-1.862,-2.467,0.331,-0.308,0.010
14582.000,77.000,3881.000,1.049,1.000,5.307,765.147,0.516,0.010,0.192,1.884,0.215,0.986,0.015
16947.000,274.000,13702.000,1.575,1.000,-99999.000,76.876,0.100,0.104,1.656,1.518,0.485,0.025,0.012
17989.000,128.000,6443.000,1.022,1.000,26.054,181.509,0.053,0.189,2.686,2.611,0.021,-0.723,0.024
15799.000,40.000,2013.000,1.180,1.000,110.516,85.724,0.100,0.492,1.315,0.864,0.064,0.323,0.019
17681.000,4.000,208.000,0.990,0.019,30.990,1011.352,0.994,0.002,0.088,0.423,0.163,0.993,0.611
16805.000,136.000,6822.000,1.155,1.000,0.156,47.750,0.000,0.018,-1.347,-2.958,0.134,-0.056,0.003
16147.000,4.000,216.000,0.508,1.000,0.162,84.702,0.000,0.021,-1.163,-0.799,0.286,0.273,0.008
16509.000,226.000,11326.000,1.052,1.159,0.150,518.068,0.000,0.002,0.563,1.885,0.098,0.868,0.021
15960.000,27.000,1366.000,0.784,1.000,8.799,50.105,0.993,0.337,0.202,2.618,0.124,0.912,0.116
17182.000,7.000,387.000,0.970,0.000,30.511,460.391,0.127,0.010,1.104,0.639,0.107,0.407,0.010
14967.000,68.000,3433.000,0.956,1.000,0.122,22.458,0.002,0.428,0.854,0.683,0.395,0.590,0.007
14967.000,120.000,6021.000,1.178,1.000,0.067,118.898,0.000,0.019,-1.877,-1.655,0.083,-0.405,0.009
14967.000,130.000,6505.000,0.464,1.000,9.720,223.908,0.017,0.067,-1.133,-0.695,0.124,0.278,0.005
18679.000,192.000,9633.000,1.102,1.000,14.933,29.475,0.056,0.244,-1.066,-1.889,0.129,0.350,0.002
16266.000,24.000,1213.000,0.977,1.000,0.174,970.622,0.000,0.001,-0.928,-2.327,0.318,0.359,0.007
15464.000,142.000,7125.000,0.963,1.000,27.165,65.104,0.050,0.325,1.472,1.252,0.154,0.218,0.007
15231.000,50.000,2516.000,0.826,1.000,7.603,755.256,0.150,0.030,-1.982,-1.042,0.188,-0.398,0.005
17600.000,128.000,6419.000,1.067,0.013,13.692,59.925,0.324,0.194,0.456,0.661,0.176,0.854,0.350
18525.000,183.000,9198.000,0.955,0.650,70.879,75.173,0.215,0.156,-1.173,-0.369,0.233,0.184,0.019
17475.000,102.000,5115.000,1.243,1.000,0.136,102.930,0.000,0.035,0.193,2.668,0.202,0.902,0.034
15328.000,232.000,11644.000,0.522,1.000,10.450,62.403,0.128,0.318,-1.922,-1.280,0.115,-0.402,0.007
15800.000,62.000,3134.000,1.043,0.000,5.291,56.660,0.110,0.111,-0.848,-1.610,0.332,0.573,0.009
15677.000,365.000,18269.000,0.904,1.000,34.128,2366.963,0.462,0.003,-0.514,-0.730,0.064,0.749,0.010
15677.000,365.000,18277.000,1.068,1.000,10.808,68.379,0.015,0.474,-0.779,-1.858,0.085,0.601,0.008
17440.000,130.000,6536.000,0.787,1.000,33.269,81.162,0.077,0.055,2.040,1.051,0.213,-0.278,0.013
18021.000,233.000,11653.000,0.513,1.000,10.641,260.186,0.474,0.095,0.371,0.820,0.032,0.937,0.048
18021.000,233.000,11654.000,0.878,1.223,49.591,413.851,0.223,0.002,-0.889,-0.256,0.074,0.248,0.014
17307.000,25.000,1300.000,0.961,1.000,9.779,242.047,0.401,0.086,-0.541,-0.480,0.067,0.620,0.026
17307.000,27.000,1366.000,1.047,1.000,173.395,667.282,0.000,0.003,-0.078,-0.326,0.156,0.973,0.134
16942.000,121.000,6054.000,0.986,1.000,12.868,732.675,0.990,0.051,-0.059,-0.183,0.119,0.961,0.794
14464.000,10.000,532.000,0.547,1.179,7.550,554.728,0.390,0.002,-0.660,-0.914,0.067,0.683,0.011
14464.000,133.000,6694.000,0.860,1.000,11.095,223.336,0.003,0.046,-1.747,-1.728,0.148,-0.287,0.004
14464.000,260.000,13014.000,0.375,1.000,0.138,134.709,0.000,0.247,-3.061,-2.671,0.353,-0.997,0.244
17415.000,270.000,13547.000,0.990,1.000,22.865,411.978,0.169,0.001,1.113,0.754,0.106,0.440,0.009
14143.000,179.000,8980.000,0.443,1.000,-99999.000,146.995,0.121,0.452,-1.892,-2.713,0.123,-0.251,0.005
16697.000,28.000,1442.000,0.572,1.000,-99999.000,265.612,0.041,0.467,-0.924,-0.189,0.042,0.196,0.007
18708.000,61.000,3086.000,0.966,1.137,22.300,17.400,0.005,0.497,-1.226,-0.996,0.209,0.242,0.003
15463.000,102.000,5111.000,0.554,1.000,41.112,282.298,0.083,0.006,-1.110,-0.759,0.223,0.305,0.009
14539.000,66.000,3336.000,1.024,1.000,8.257,206.090,0.378,0.126,0.799,2.873,0.127,0.202,0.005
17989.000,52.000,2635.000,0.885,1.000,8.320,1042.485,0.242,0.024,-0.046,-0.069,0.325,0.866,0.690
18232.000,6.000,314.000,1.042,1.331,50.321,536.115,0.644,0.042,0.022,0.081,0.164,0.979,0.776
18232.000,25.000,1252.000,0.954,1.000,37.954,195.612,0.103,0.449,-0.850,-0.748,0.061,0.496,0.010
18232.000,25.000,1256.000,0.719,1.000,101.603,164.637,0.017,0.239,-2.479,-2.539,0.243,-0.684,0.033
18761.000,25.000,1294.000,0.878,1.000,0.181,200.105,0.054,0.003,-1.065,-1.063,0.112,0.383,0.008
18761.000,83.000,4185.000,1.027,1.000,47.792,62.057,0.478,0.454,0.188,0.425,0.080,0.948,0.694
18761.000,126.000,6303.000,0.948,1.000,137.447,222.109,0.383,0.352,0.069,3.122,0.030,0.191,0.008
18935.000,359.000,17968.000,0.874,1.218,-99999.000,572.418,0.915,0.068,0.695,0.598,0.087,0.658,0.146
16795.000,139.000,6960.000,0.847,1.138,8.068,547.024,0.469,0.003,0.850,1.228,0.031,0.729,0.007
15928.000,69.000,3475.000,0.944,1.172,39.404,127.300,0.036,0.441,0.981,2.714,0.033,0.238,0.003
14301.000,1.000,58.000,0.936,1.000,18.058,128.877,0.071,0.140,-1.075,-1.869,0.074,0.344,0.006
14746.000,20.000,1010.000,0.921,1.086,-99999.000,506.243,0.370,0.006,0.318,0.230,0.117,0.649,0.125
14746.000,236.000,11807.000,0.967,1.469,41.508,486.968,0.000,0.361,-1.557,-1.578,0.311,-0.093,0.003
14825.000,8.000,404.000,0.939,1.000,164.313,285.576,0.150,0.018,0.192,0.476,0.104,0.959,0.855
14825.000,46.000,2309.000,0.653,1.000,32.948,52.143,0.780,0.444,0.772,1.552,0.325,0.786,0.047
17223.000,3.000,192.000,0.968,1.000,14.172,29.628,0.056,0.388,0.754,2.422,0.187,0.578,0.004
17360.000,42.000,2109.000,1.135,1.000,26.660,528.971,0.931,0.019,0.445,0.642,0.211,0.855,0.749
15590.000,40.000,2012.000,0.756,1.000,0.032,71.641,0.000,0.009,0.796,0.845,0.286,0.692,0.083
14338.000,275.000,13769.000,0.668,1.000,3.986,218.262,0.189,0.102,-1.018,-2.708,0.249,0.136,0.005
14790.000,152.000,7604.000,0.996,1.000,22.127,166.629,0.022,0.016,-2.792,-2.914,0.229,-0.607,0.201
14790.000,185.000,9276.000,0.623,1.180,-99999.000,34.640,0.177,0.447,2.619,1.060,0.059,-0.755,0.004
17110.000,57.000,2853.000,1.133,1.000,10.531,647.287,0.997,0.312,-0.167,-0.356,0.273,0.908,0.515
17851.000,283.000,14159.000,1.066,1.000,70.056,135.639,0.023,0.500,0.072,0.017,0.033,0.306,0.012
17109.000,137.000,6887.000,0.933,1.000,-99999.000,75.138,0.629,0.446,-0.029,-0.042,0.113,0.864,0.806
14727.000,85.000,4262.000,0.956,1.118,71.592,32.625,0.029,0.110,1.918,2.051,0.295,-0.248,0.003
16150.000,45.000,2291.000,1.040,1.000,14.973,325.246,0.872,0.003,-0.748,-0.623,0.097,0.529,0.073
14956.000,186.000,9326.000,1.072,1.000,91.119,354.885,0.809,0.011,-0.222,-0.695,0.118,0.932,0.688
16759.000,238.000,11914.000,1.140,10.092,7.059,82.995,0.050,0.055,0.471,0.377,0.300,0.672,0.059
17137.000,178.000,8918.000,0.968,1.000,68.710,1120.188,0.996,0.012,0.005,0.028,0.159,0.990,0.483
18032.000,49.000,2481.000,1.061,1.000,13.036,65.356,0.246,0.229,-2.570,-0.907,0.139,-0.790,0.021
18032.000,140.000,7026.000,1.200,1.000,37.468,920.700,0.055,0.001,0.087,0.139,0.163,0.888,0.978
18032.000,334.000,16707.000,1.107,0.955,94.231,492.402,0.016,0.006,-2.530,-1.736,0.274,-0.876,0.093
16690.000,56.000,2840.000,1.036,1.000,5.141,15.251,0.052,0.179,0.779,0.916,0.172,0.724,0.018
15486.000,294.000,14750.000,1.227,1.158,11.734,18.065,0.042,0.324,1.557,1.664,0.248,0.112,0.002
18021.000,406.000,20323.000,0.565,1.000,12.666,61.465,0.013,0.190,-1.041,-2.278,0.124,0.282,0.005
16247.000,99.000,4978.000,1.037,1.000,37.510,89.251,0.053,0.165,2.389,1.203,0.092,-0.609,0.024
18663.000,72.000,3608.000,1.046,1.144,0.115,1182.348,0.000,0.015,-2.488,-0.618,0.238,-0.595,0.012
14290.000,117.000,5873.000,1.783,1.000,14.403,378.905,0.019,0.036,-1.823,-0.720,0.079,-0.176,0.004
14726.000,145.000,7270.000,0.833,1.000,21.684,72.785,0.005,0.089,-2.293,-1.882,0.182,-0.733,0.022
17139.000,296.000,14849.000,0.980,1.000,35.760,20.306,0.116,0.420,0.580,2.767,0.202,0.453,0.005
16191.000,4.000,224.000,0.977,1.000,-99999.000,406.792,0.353,0.033,0.373,1.136,0.155,0.961,0.157
16352.000,4.000,226.000,0.840,1.000,72.578,262.599,0.222,0.174,0.616,1.041,0.155,0.850,0.100
18935.000,396.000,19825.000,1.091,0.028,88.868,66.343,0.210,0.145,-2.693,-2.634,0.126,-0.789,0.067
15589.000,203.000,10187.000,0.667,1.000,179.086,102.499,0.007,0.224,-1.412,-0.754,0.126,0.093,0.009
15589.000,247.000,12383.000,0.505,1.140,10.027,1793.134,0.102,0.061,0.357,1.137,0.144,0.966,0.023
17666.000,128.000,6414.000,1.138,1.000,6.257,87.886,0.063,0.222,-1.459,-1.415,0.127,0.017,0.009
16066.000,43.000,2191.000,1.067,0.000,126.339,166.032,0.000,0.483,-0.679,-0.754,0.187,0.629,0.036
18903.000,401.000,20090.000,1.095,1.000,102.699,83.560,0.100,0.156,2.388,2.385,0.113,-0.573,0.018
18604.000,228.000,11450.000,1.007,1.000,11.523,191.118,0.106,0.006,-0.927,-1.491,0.106,0.514,0.007
17791.000,40.000,2040.000,1.047,1.000,72.082,112.298,0.018,0.103,1.017,1.045,0.059,0.584,0.019
18021.000,35.000,1778.000,1.031,1.000,21.395,473.245,0.992,0.053,0.176,0.671,0.105,0.988,0.818
18021.000,35.000,1782.000,0.437,1.169,87.936,690.538,0.885,0.004,-0.039,-0.160,0.079,0.977,0.182
18021.000,442.000,22118.000,0.962,1.000,68.033,1907.259,0.193,0.017,-0.121,-0.179,0.092,0.851,0.404
18021.000,442.000,22142.000,0.946,1.000,61.330,41.461,0.090,0.205,2.112,2.800,0.259,-0.234,0.005
15917.000,224.000,11249.000,0.968,1.000,137.419,89.690,0.016,0.071,-1.755,-0.959,0.113,-0.191,0.012
15867.000,35.000,1781.000,0.573,1.184,22.034,251.967,0.089,0.490,-0.289,-2.719,0.077,0.735,0.017
15867.000,35.000,1787.000,1.084,1.000,146.403,50.435,0.036,0.229,-0.860,-0.937,0.296,0.533,0.005
15013.000,280.000,14016.000,1.400,1.000,19.498,101.015,0.051,0.242,1.955,1.514,0.127,-0.268,0.004
16420.000,78.000,3908.000,0.502,1.000,7.219,524.935,0.028,0.017,2.877,0.415,0.484,-0.758,0.051
16420.000,85.000,4291.000,0.869,1.188,0.019,822.896,0.000,0.021,0.534,1.653,0.035,0.903,0.034
14788.000,39.000,2000.000,0.995,1.000,-99999.000,106.394,0.035,0.323,-1.031,-1.717,0.127,0.406,0.003
17621.000,50.000,2545.000,0.478,1.000,6.308,73.982,0.368,0.064,2.711,0.717,0.167,-0.738,0.084
14377.000,55.000,2770.000,0.974,0.054,2.240,606.110,0.838,0.005,-0.161,-0.439,0.136,0.935,0.389
17152.000,80.000,4001.000,1.110,1.000,81.646,98.387,0.103,0.167,-1.064,-2.029,0.364,0.325,0.009
15640.000,166.000,8302.000,0.858,1.000,57.238,41.121,0.079,0.457,-2.042,-1.766,0.156,-0.550,0.004
15640.000,166.000,8329.000,1.139,1.000,4.876,276.856,0.307,0.070,0.580,0.606,0.077,0.745,0.150
15966.000,482.000,24115.000,0.865,0.921,2.717,283.722,0.048,0.048,-0.755,-0.267,0.025,0.314,0.010
18709.000,139.000,6968.000,0.505,1.243,15.519,18.390,0.014,0.409,-1.865,-2.348,0.231,-0.337,0.002
15692.000,19.000,962.000,0.992,1.000,0.221,27.730,0.000,0.096,2.224,0.553,0.129,-0.255,0.003
18218.000,124.000,6213.000,0.982,1.000,39.373,275.641,0.797,0.224,0.310,0.508,0.119,0.895,0.838
14290.000,272.000,13611.000,0.874,1.000,-99999.000,128.287,0.094,0.108,-0.912,-0.652,0.252,0.419,0.012
17251.000,29.000,1470.000,1.052,1.000,7.949,107.066,0.689,0.044,0.124,0.163,0.233,0.844,0.671
17333.000,97.000,4871.000,0.813,1.000,9.870,120.027,0.410,0.052,-0.558,-2.657,0.181,0.497,0.012
14463.000,205.000,10268.000,0.414,1.232,72.310,214.809,0.876,0.014,0.206,0.683,0.190,0.981,0.826
17577.000,13.000,687.000,0.580,1.000,8.122,121.904,0.271,0.083,0.135,1.685,0.179,0.995,0.044
17577.000,54.000,2727.000,1.047,1.000,28.813,607.475,0.824,0.168,-0.532,-0.742,0.421,0.739,0.169
14971.000,12.000,625.000,0.998,1.000,15.331,145.162,0.003,0.061,-1.148,-0.383,0.079,0.198,0.006
17849.000,252.000,12625.000,0.920,1.000,3.503,356.563,0.120,0.059,0.692,1.415,0.388,0.834,0.056
16095.000,39.000,1982.000,1.205,1.000,121.601,660.676,0.373,0.000,0.009,0.028,0.124,0.967,0.785
15160.000,86.000,4316.000,0.314,1.000,22.622,113.377,0.010,0.230,-1.127,-1.421,0.084,0.337,0.005
18488.000,30.000,1541.000,1.054,1.197,-99999.000,48.872,0.055,0.085,0.855,2.098,0.523,0.637,0.014
18488.000,119.000,5999.000,0.854,1.170,3.422,174.142,0.072,0.215,-1.965,-0.393,0.097,-0.124,0.013
17614.000,38.000,1950.000,0.499,1.220,0.046,48.879,0.000,0.025,-1.427,-1.688,0.243,0.027,0.003
16060.000,10.000,517.000,1.026,1.000,47.074,598.487,0.965,0.001,0.585,0.578,0.123,0.726,0.303
16060.000,151.000,7554.000,1.045,1.000,197.834,87.276,0.039,0.072,2.142,1.165,0.122,-0.393,0.018
17978.000,93.000,4675.000,0.525,1.143,59.352,199.792,0.335,0.066,-0.856,-0.711,0.095,0.480,0.030
15965.000,453.000,22653.000,0.924,1.000,87.558,1538.575,0.000,0.134,-0.157,-1.559,0.251,0.963,0.014
16676.000,56.000,2821.000,1.124,1.000,12.300,36.627,0.985,0.230,0.033,0.129,0.387,0.983,0.325
16141.000,20.000,1002.000,1.019,1.000,16.513,529.146,0.082,0.001,-0.405,-0.579,0.143,0.785,0.066
14534.000,43.000,2163.000,1.009,1.000,0.163,59.276,0.000,0.050,1.369,1.851,0.410,0.270,0.007
14598.000,23.000,1169.000,0.630,1.051,-99999.000,517.787,0.000,0.001,-0.330,-0.428,0.147,0.782,0.157
16476.000,3.000,178.000,0.922,1.000,67.744,217.893,0.418,0.005,-0.400,-2.899,0.148,0.400,0.010
16476.000,14.000,732.000,0.414,1.232,79.913,160.358,0.178,0.000,-1.028,-0.966,0.023,0.403,0.016
17070.000,147.000,7388.000,1.419,1.000,6.477,62.054,0.138,0.133,-1.154,-2.285,0.208,0.189,0.009
14708.000,32.000,1610.000,0.718,1.000,11.730,39.897,0.047,0.298,1.338,1.688,0.294,0.321,0.002
14469.000,43.000,2185.000,1.010,1.274,23.324,791.579,0.998,0.002,-1.685,-1.626,0.556,-0.222,0.032
17987.000,100.000,5019.000,0.927,1.312,-99999.000,68.060,0.021,0.500,-0.977,-0.520,0.094,0.330,0.006
16726.000,45.000,2251.000,0.738,1.000,26.213,383.525,0.827,0.002,-0.377,-0.537,0.112,0.792,0.477
18489.000,154.000,7717.000,1.079,1.000,7.603,55.731,0.680,0.138,-0.142,-0.480,0.274,0.953,0.453
17255.000,39.000,2000.000,1.003,1.000,0.005,349.288,0.000,0.001,-0.345,-0.163,0.231,0.463,0.027
15291.000,44.000,2235.000,1.042,1.000,6.704,130.130,0.420,0.275,0.352,2.711,0.069,0.726,0.013
15291.000,260.000,13015.000,0.695,1.000,56.767,119.755,0.062,0.018,1.154,2.755,0.135,0.130,0.009
15129.000,14.000,712.000,1.098,1.000,5.538,155.958,0.270,0.040,0.167,3.097,0.174,0.182,0.006
17990.000,388.000,19422.000,0.489,6.193,-99999.000,120.620,0.031,0.023,0.561,0.894,0.195,0.855,0.206
17591.000,30.000,1503.000,1.423,1.000,26.040,135.594,0.260,0.124,0.956,2.770,0.132,0.212,0.005
17591.000,119.000,5989.000,1.066,1.000,0.199,114.996,0.000,0.046,0.400,0.769,0.117,0.915,0.198
17591.000,130.000,6525.000,0.999,1.000,-99999.000,33.640,0.062,0.296,0.396,1.952,0.300,0.932,0.012
15286.000,244.000,12221.000,0.981,1.000,19.096,84.791,0.055,0.265,1.837,1.561,0.181,-0.157,0.005
15286.000,270.000,13544.000,1.066,1.000,0.126,524.221,0.895,0.215,-0.629,-1.336,0.344,0.743,0.037
15794.000,57.000,2878.000,0.986,1.000,12.218,285.422,0.043,0.161,1.173,2.041,0.197,0.403,0.004
15257.000,77.000,3875.000,0.930,1.000,37.467,812.219,0.998,0.044,0.165,0.205,0.384,0.830,0.651
14463.000,80.000,4008.000,0.913,0.023,42.576,510.633,0.101,0.201,-1.358,-0.360,0.047,0.112,0.006
15590.000,263.000,13184.000,0.480,1.000,47.441,286.518,0.145,0.008,-0.437,-1.687,0.407,0.848,0.031
15166.000,263.000,13171.000,1.062,1.000,16.963,531.735,0.190,0.061,0.518,0.640,0.084,0.804,0.164
15529.000,72.000,3623.000,0.850,1.000,-99999.000,199.045,0.268,0.023,-2.266,-2.041,0.178,-0.696,0.044
14369.000,108.000,5414.000,1.220,1.000,10.398,1056.531,0.626,0.020,0.113,0.406,0.075,0.984,0.117
18057.000,73.000,3694.000,1.094,1.202,-99999.000,84.004,0.021,0.354,0.859,1.370,0.303,0.731,0.021
18795.000,210.000,10503.000,1.014,1.000,11.301,1353.198,0.465,0.080,-0.218,-0.906,0.449,0.945,0.034
17476.000,39.000,1995.000,0.700,1.000,28.608,103.620,0.039,0.214,-2.703,-2.462,0.056,-0.871,0.036
18489.000,256.000,12838.000,1.277,1.000,5.600,490.355,0.000,0.003,-0.105,-0.239,0.323,0.927,0.820
18021.000,361.000,18097.000,0.612,1.000,11.402,94.357,0.024,0.378,0.804,1.778,0.319,0.744,0.012
17560.000,119.000,5962.000,0.985,1.000,23.813,27.046,0.013,0.112,-1.580,-1.455,0.114,-0.106,0.002
16878.000,209.000,10489.000,1.105,1.173,108.491,37.791,0.022,0.372,1.746,1.783,0.293,-0.084,0.003
14516.000,53.000,2685.000,0.490,1.000,27.003,80.918,0.012,0.064,-1.256,-1.361,0.107,0.218,0.009
17989.000,23.000,1192.000,1.067,1.000,14.699,112.681,0.491,0.220,2.859,1.304,0.158,-0.913,0.050
14921.000,76.000,3843.000,1.037,1.000,4.513,486.787,0.326,0.000,-0.476,-1.330,0.322,0.836,0.017
16298.000,61.000,3077.000,0.452,1.106,0.630,53.313,0.000,0.022,-1.262,-0.975,0.307,0.211,0.006
15799.000,25.000,1272.000,0.495,1.162,0.669,852.566,0.990,0.007,-0.019,-0.066,0.265,0.971,0.476
17865.000,228.000,11407.000,0.482,0.000,289.549,512.081,0.218,0.007,0.395,0.744,0.099,0.912,0.348
17865.000,228.000,11441.000,0.992,1.000,0.621,110.457,0.000,0.086,-0.345,-0.866,0.220,0.884,0.085
16280.000,45.000,2292.000,0.878,1.000,-99999.000,93.189,0.309,0.285,-0.174,-2.845,0.086,0.795,0.026
17361.000,282.000,14113.000,1.425,1.000,27.253,169.297,0.095,0.104,0.365,0.498,0.109,0.849,0.505
14425.000,102.000,5129.000,0.863,1.000,60.675,46.234,0.251,0.442,0.001,3.141,0.137,0.742,0.022
14425.000,126.000,6318.000,0.540,1.319,27.885,551.382,0.854,0.073,-0.353,-1.134,0.319,0.894,0.066
14425.000,200.000,10037.000,1.016,1.142,55.218,97.914,0.031,0.080,1.189,0.878,0.312,0.419,0.017
15500.000,240.000,12021.000,1.174,1.000,0.071,322.746,0.000,0.498,-0.069,-0.087,0.127,0.816,0.262
17413.000,226.000,11343.000,0.646,1.000,10.598,20.791,0.189,0.379,-0.323,-0.371,0.160,0.752,0.031
17467.000,19.000,975.000,1.038,1.000,19.861,139.563,0.000,0.024,-1.221,-2.696,0.095,0.038,0.005
15901.000,337.000,16873.000,0.653,1.000,12.160,186.388,0.075,0.496,1.234,1.182,0.204,0.427,0.008
14580.000,7.000,392.000,0.538,1.222,0.125,2780.026,0.000,0.006,-1.287,-1.862,0.244,0.147,0.006
16979.000,6.000,341.000,0.996,1.193,64.726,17.342,0.044,0.281,0.328,1.445,0.247,0.975,0.023
16468.000,152.000,7620.000,0.592,1.000,0.150,265.638,0.000,0.024,-1.469,-1.775,0.423,-0.021,0.011
14161.000,66.000,3317.000,0.861,1.000,15.227,67.260,0.041,0.482,3.063,3.005,0.190,-0.889,0.166
14463.000,155.000,7767.000,0.962,1.000,19.840,930.774,0.991,0.006,0.142,0.363,0.275,0.961,0.742
15106.000,300.000,15011.000,1.044,1.000,35.056,74.530,0.046,0.323,-2.521,-2.019,0.261,-0.857,0.023
15496.000,56.000,2831.000,1.066,3.363,31.615,80.265,0.233,0.113,0.657,1.674,0.297,0.843,0.029
16551.000,22.000,1124.000,0.878,1.000,99.311,123.050,0.114,0.076,0.110,2.991,0.028,0.761,0.021
16551.000,78.000,3920.000,0.630,1.000,60.589,77.004,0.000,0.257,2.623,1.321,0.409,-0.792,0.084
14295.000,145.000,7275.000,1.109,1.000,31.810,125.074,0.022,0.485,1.347,1.819,0.076,0.295,0.004
17452.000,17.000,861.000,1.045,1.000,189.119,134.076,0.462,0.008,-1.057,-1.947,0.058,0.347,0.010
17339.000,47.000,2356.000,0.978,1.000,88.087,106.235,0.133,0.055,1.028,1.841,0.124,0.569,0.016
17621.000,167.000,8353.000,0.823,1.000,25.140,702.152,0.045,0.000,-0.904,-0.744,0.116,0.454,0.005
17080.000,41.000,2056.000,0.973,1.000,29.152,1562.383,0.998,0.012,-0.323,-0.584,0.299,0.851,0.275
15391.000,80.000,4032.000,0.941,1.000,34.944,215.150,0.112,0.020,-1.028,-1.833,0.124,0.393,0.006
15391.000,216.000,10838.000,0.574,1.000,39.344,224.787,0.077,0.102,2.028,1.534,0.146,-0.339,0.006
16960.000,49.000,2500.000,0.946,1.000,5.104,48.152,0.488,0.141,-1.878,-2.881,0.228,-0.184,0.007
18922.000,13.000,691.000,1.338,1.000,22.640,398.512,0.775,0.046,0.425,0.452,0.201,0.773,0.348
15463.000,211.000,10560.000,1.065,1.000,43.462,111.302,0.022,0.154,-1.053,-1.328,0.080,0.406,0.005
17382.000,23.000,1181.000,1.113,1.000,17.125,253.449,0.063,0.023,-1.158,-1.427,0.373,0.308,0.007
16858.000,255.000,12799.000,1.033,1.000,11.214,177.384,0.203,0.006,0.614,1.527,0.160,0.873,0.022
18054.000,507.000,25399.000,0.599,1.241,0.528,180.149,0.000,0.094,-1.730,-2.147,0.170,-0.263,0.005
18514.000,280.000,14009.000,0.960,1.000,0.050,293.919,0.000,0.000,-0.721,-0.456,0.730,0.466,0.016
18634.000,15.000,779.000,0.917,1.140,59.826,926.982,1.000,0.035,0.218,0.822,0.292,0.987,0.332
15466.000,64.000,3232.000,1.041,1.000,5.235,236.792,0.362,0.005,0.586,1.683,0.170,0.878,0.035
17056.000,175.000,8768.000,1.049,1.000,13.500,91.559,0.027,0.126,0.688,2.052,0.170,0.766,0.012
17056.000,175.000,8792.000,0.615,1.000,37.359,200.466,0.254,0.160,0.918,1.623,0.104,0.683,0.016
16850.000,66.000,3311.000,0.571,1.000,11.152,788.863,0.876,0.004,-0.484,-0.419,0.106,0.630,0.036
17249.000,23.000,1155.000,1.028,1.000,18.168,96.881,0.358,0.312,0.257,1.407,0.571,0.988,0.089
17249.000,355.000,17754.000,1.045,1.248,0.560,24.454,0.038,0.066,0.737,3.075,0.239,0.001,0.004
15489.000,13.000,653.000,0.979,1.185,-99999.000,104.155,0.110,0.430,1.083,1.795,0.080,0.531,0.004
15489.000,13.000,664.000,1.049,1.000,17.392,51.411,0.109,0.274,-1.205,-1.340,0.264,0.266,0.003
15489.000,73.000,3687.000,0.920,1.083,12.670,69.473,0.112,0.153,1.748,0.891,0.290,-0.006,0.009
16089.000,362.000,18131.000,0.930,1.000,23.918,67.363,0.011,0.155,-1.933,-1.188,0.288,-0.394,0.007
17866.000,0.000,45.000,1.720,0.001,52.910,444.003,0.275,0.001,-0.738,-0.578,0.153,0.517,0.016
18026.000,100.000,5049.000,0.316,1.000,0.253,178.051,0.000,0.006,-0.247,-0.374,0.206,0.835,0.350
15590.000,21.000,1061.000,0.863,inf,199.048,41.585,0.127,0.220,1.120,1.980,0.168,0.462,0.004
15436.000,122.000,6121.000,1.092,1.000,0.064,32.251,0.000,0.274,-0.928,-0.211,0.092,0.208,0.003
17761.000,54.000,2717.000,1.549,1.000,0.014,694.938,0.000,0.007,0.212,0.424,0.664,0.932,0.787
14541.000,99.000,4982.000,1.701,1.000,0.148,146.729,0.000,0.000,-1.507,-1.570,0.344,-0.043,0.005
16295.000,174.000,8704.000,0.839,1.000,0.048,196.088,0.000,0.023,-0.221,-3.003,0.561,0.441,0.012
16295.000,233.000,11691.000,0.624,1.000,4.901,231.118,0.380,0.083,2.873,1.761,0.113,-0.930,0.041
14607.000,23.000,1179.000,0.989,1.000,-99999.000,499.199,0.354,0.008,-0.498,-1.244,0.267,0.822,0.038
18213.000,5.000,282.000,0.786,1.074,-99999.000,278.940,0.698,0.189,0.035,0.057,0.045,0.892,0.924
15361.000,209.000,10477.000,0.817,1.169,0.015,260.323,0.000,0.094,0.185,0.209,0.172,0.802,0.422
18953.000,556.000,27819.000,0.905,1.000,35.362,504.851,0.202,0.074,-0.467,-0.439,0.495,0.660,0.104
18953.000,556.000,27835.000,0.529,1.166,14.024,104.155,0.000,0.375,0.419,0.483,0.093,0.798,0.114
18035.000,137.000,6889.000,0.930,1.503,5.098,73.696,0.320,0.414,3.097,0.018,0.620,-0.287,0.079
17371.000,362.000,18113.000,0.990,1.000,0.139,558.045,0.000,0.000,0.508,1.811,0.075,0.902,0.030
16301.000,53.000,2681.000,1.167,1.000,23.213,139.005,0.189,0.348,0.016,0.013,0.044,0.664,0.044
15801.000,11.000,600.000,1.039,1.274,65.121,158.180,0.000,0.056,-1.332,-1.424,0.575,0.142,0.016
14556.000,36.000,1805.000,1.020,1.096,46.498,363.350,0.565,0.008,-0.565,-1.077,0.216,0.772,0.062
18516.000,121.000,6059.000,0.602,1.000,35.654,143.694,0.009,0.471,-1.930,-2.158,0.057,-0.422,0.006
15099.000,33.000,1661.000,0.538,1.000,81.003,30.188,0.060,0.287,-1.512,-1.286,0.095,-0.024,0.004
15099.000,65.000,3289.000,1.035,1.000,77.617,178.916,0.002,0.229,-1.459,-1.643,0.082,-0.001,0.006
15462.000,145.000,7267.000,1.131,1.000,-99999.000,698.656,0.016,0.001,-0.397,-0.917,0.542,0.860,0.044
18248.000,10.000,538.000,1.023,1.000,17.091,170.287,0.774,0.039,0.023,2.891,0.109,0.982,0.097
18248.000,79.000,3996.000,0.646,1.180,36.954,1678.251,0.995,0.012,0.136,0.151,0.096,0.798,0.572
17410.000,12.000,639.000,0.891,1.000,0.262,194.170,0.142,0.040,0.932,2.828,0.130,0.180,0.005
18786.000,47.000,2386.000,0.992,1.000,14.731,42.940,0.105,0.049,0.997,1.703,0.221,0.615,0.005
15988.000,63.000,3187.000,0.904,0.000,58.454,107.957,0.019,0.367,2.090,2.018,0.279,-0.399,0.006
17394.000,139.000,6953.000,0.890,1.000,-99999.000,137.021,0.040,0.065,1.740,2.199,0.124,-0.097,0.005
16753.000,9.000,492.000,0.867,1.294,22.861,210.008,0.220,0.300,-2.555,-0.550,0.120,-0.603,0.025
15061.000,239.000,11992.000,1.075,1.000,-99999.000,66.792,0.030,0.440,-1.662,-1.587,0.349,-0.197,0.004
16266.000,211.000,10580.000,0.892,1.000,50.582,28.464,0.014,0.053,-1.333,-1.270,0.349,0.147,0.003
16835.000,4.000,221.000,0.993,1.000,7.994,787.403,0.000,0.000,1.330,1.669,0.482,0.330,0.006
16835.000,204.000,10234.000,0.968,1.100,16.490,421.509,0.479,0.008,-0.280,-1.682,0.168,0.921,0.036
18224.000,13.000,689.000,1.462,1.000,-99999.000,21.797,0.154,0.406,0.889,1.171,0.225,0.696,0.015
17169.000,226.000,11314.000,0.920,1.182,-99999.000,108.349,0.150,0.084,-2.827,-2.880,0.140,-0.697,0.098
17633.000,19.000,964.000,1.159,1.000,15.824,48.602,0.208,0.295,-0.765,-2.498,0.102,0.418,0.003
17633.000,19.000,999.000,0.542,1.000,-99999.000,24.476,0.021,0.439,1.899,1.433,0.256,-0.207,0.003
17633.000,31.000,1555.000,0.635,1.000,122.871,148.228,0.060,0.457,-3.117,-0.074,0.348,-0.916,0.139
15882.000,38.000,1912.000,0.420,1.000,10.010,129.141,0.017,0.127,1.733,1.435,0.246,-0.044,0.006
18760.000,25.000,1290.000,1.044,1.000,-99999.000,46.975,0.087,0.189,-1.585,-1.868,0.183,-0.138,0.004
16888.000,70.000,3545.000,1.020,1.000,35.926,105.414,0.630,0.478,0.261,2.825,0.084,0.724,0.026
16888.000,398.000,19904.000,0.605,1.000,-99999.000,344.111,0.022,0.013,-0.759,-2.320,0.178,0.501,0.007
17162.000,43.000,2161.000,0.998,1.000,61.377,228.270,0.862,0.197,-0.118,-0.144,0.103,0.805,0.656
16252.000,81.000,4059.000,0.941,6.514,0.362,227.154,0.081,0.066,0.372,1.846,0.367,0.949,0.028
17265.000,164.000,8226.000,1.012,1.186,183.412,159.973,0.129,0.361,-2.729,-2.448,0.061,-0.891,0.038
15117.000,129.000,6479.000,0.869,1.000,67.081,852.659,0.903,0.065,0.043,0.061,0.193,0.855,0.940
15117.000,151.000,7558.000,0.750,0.028,10.399,152.539,0.173,0.103,-0.641,-2.003,0.083,0.684,0.011
18955.000,244.000,12211.000,1.219,1.000,155.074,56.605,0.108,0.460,-0.761,-1.926,0.085,0.604,0.011
17119.000,29.000,1470.000,1.318,1.000,7.249,123.003,0.131,0.157,-1.055,-0.845,0.146,0.362,0.007
15410.000,156.000,7824.000,1.014,1.080,-99999.000,786.631,0.375,0.000,0.387,0.479,0.105,0.822,0.566
17132.000,477.000,23869.000,0.933,1.000,15.526,148.004,0.000,0.435,-1.152,-1.585,0.677,0.305,0.020
17671.000,141.000,7097.000,1.011,1.000,-99999.000,263.691,0.238,0.086,-0.072,-2.118,0.178,0.977,0.078
15878.000,20.000,1016.000,0.774,1.000,-99999.000,56.072,0.010,0.260,-1.366,-1.558,0.330,0.099,0.003
14270.000,41.000,2067.000,0.902,1.292,14.162,680.269,0.000,0.000,0.433,0.396,0.189,0.723,0.045
14270.000,175.000,8760.000,1.031,1.000,20.877,284.222,0.363,0.007,0.706,2.381,0.189,0.636,0.015
17985.000,358.000,17937.000,0.806,1.183,44.188,152.021,0.475,0.282,-0.533,-0.162,0.072,0.320,0.021
17985.000,377.000,18873.000,1.397,1.000,31.237,29.780,0.206,0.107,1.212,0.817,0.529,0.388,0.019
15141.000,27.000,1366.000,0.875,1.000,53.174,113.487,0.040,0.250,-1.638,-2.105,0.109,-0.189,0.006
17311.000,105.000,5259.000,1.412,1.000,43.179,32.245,0.076,0.114,-1.028,-2.508,0.226,0.215,0.002
17860.000,5.000,291.000,0.841,1.162,-99999.000,45.620,0.149,0.299,0.797,0.451,0.220,0.496,0.005
17860.000,5.000,297.000,1.026,1.000,18.678,145.960,0.228,0.399,-0.856,-2.486,0.160,0.351,0.005
15463.000,101.000,5097.000,0.967,1.000,35.119,138.401,0.127,0.056,-1.524,-1.718,0.338,-0.070,0.006
14940.000,80.000,4022.000,1.251,1.000,0.449,331.079,0.419,0.020,0.519,1.158,0.449,0.909,0.199
14940.000,124.000,6237.000,1.255,1.000,27.065,640.622,0.000,0.417,-0.588,-1.593,0.529,0.765,0.023
14940.000,124.000,6240.000,0.708,1.000,-99999.000,179.197,0.092,0.027,1.310,1.600,0.147,0.355,0.005
14609.000,72.000,3616.000,1.049,1.000,18.228,76.704,0.062,0.286,-1.010,-1.394,0.261,0.444,0.006
15882.000,134.000,6745.000,0.441,1.098,7.790,42.217,0.071,0.249,1.195,2.200,0.289,0.339,0.002
14350.000,24.000,1209.000,0.948,1.000,160.521,42.066,0.054,0.198,-1.006,-1.742,0.192,0.425,0.002
14350.000,33.000,1653.000,1.048,1.000,21.336,845.805,0.101,0.002,0.307,0.352,0.271,0.805,0.261
17243.000,21.000,1094.000,0.947,1.000,3.433,277.069,0.000,0.003,0.292,0.234,0.130,0.686,0.083
18617.000,13.000,680.000,0.689,1.000,25.863,122.253,0.196,0.112,0.468,0.531,0.226,0.787,0.340
18617.000,20.000,1012.000,0.454,1.118,143.586,83.413,0.009,0.098,-1.349,-1.379,0.155,0.127,0.006
16741.000,285.000,14257.000,0.661,1.000,37.648,138.615,0.148,0.321,-0.632,-1.104,0.230,0.729,0.024
15092.000,73.000,3683.000,0.694,1.000,21.298,415.415,0.390,0.002,0.132,0.126,0.104,0.748,0.350
15489.000,154.000,7702.000,0.871,1.000,-99999.000,38.275,0.581,0.071,-3.109,-3.063,0.340,-0.949,0.234
15844.000,29.000,1465.000,1.111,1.000,0.083,121.134,0.000,0.359,-0.922,-2.973,0.181,0.030,0.004
18784.000,33.000,1693.000,1.036,1.152,34.776,44.711,0.156,0.455,0.732,2.328,0.131,0.641,0.007
17609.000,14.000,706.000,1.352,1.000,8.755,215.646,0.200,0.012,0.950,0.783,0.119,0.563,0.012
18032.000,564.000,28242.000,1.069,1.000,16.693,98.388,0.127,0.320,-2.312,-2.706,0.078,-0.466,0.006
17559.000,51.000,2596.000,1.205,1.014,37.258,568.304,0.442,0.004,0.225,0.278,0.144,0.829,0.738
18760.000,189.000,9478.000,1.020,1.000,7.682,23.557,0.057,0.095,0.473,2.589,0.383,0.702,0.011
18760.000,189.000,9485.000,0.904,8.655,70.017,242.508,0.017,0.319,1.948,2.760,0.187,-0.178,0.006
17406.000,20.000,1014.000,0.826,1.000,4.122,520.773,0.136,0.001,-0.330,-0.790,0.181,0.884,0.129
15843.000,6.000,328.000,1.065,1.000,46.469,44.192,0.062,0.106,-1.335,-1.212,0.222,0.147,0.003
14537.000,108.000,5410.000,0.773,1.000,48.998,73.766,0.031,0.350,1.075,1.693,0.127,0.553,0.011
15499.000,91.000,4578.000,0.866,1.065,318.626,1160.096,0.928,0.009,-0.061,-0.084,0.132,0.844,0.742
14293.000,38.000,1946.000,0.523,1.000,70.722,53.450,0.070,0.177,0.962,1.726,0.099,0.639,0.024
14914.000,40.000,2030.000,0.956,1.200,8.046,122.700,0.000,0.007,-2.401,-0.787,0.453,-0.622,0.109
17840.000,161.000,8068.000,0.261,1.116,57.751,537.400,0.000,0.075,0.181,0.729,0.033,0.990,0.141
15430.000,19.000,986.000,0.723,1.000,-99999.000,571.493,0.243,0.001,0.382,0.466,0.104,0.818,0.546
15430.000,113.000,5692.000,0.922,1.000,26.117,209.730,0.003,0.185,1.061,2.243,0.508,0.428,0.021
15923.000,283.000,14195.000,0.601,1.000,12.897,159.717,0.650,0.127,0.431,2.655,0.057,0.693,0.014
17961.000,56.000,2830.000,0.915,1.000,-99999.000,44.363,0.121,0.362,-2.326,-2.459,0.158,-0.616,0.008
18732.000,24.000,1211.000,1.042,1.000,36.966,531.213,0.000,0.014,0.261,0.470,0.262,0.914,0.881
18031.000,109.000,5485.000,0.758,1.000,21.895,152.811,0.134,0.150,-1.021,-1.336,0.202,0.434,0.008
18031.000,207.000,10400.000,0.937,1.189,15.473,195.362,0.001,0.167,0.382,0.824,0.074,0.932,0.118
18244.000,379.000,18951.000,1.231,1.000,16.883,497.361,0.047,0.000,-0.323,-0.512,0.091,0.828,0.139
16864.000,71.000,3560.000,0.518,1.000,5.251,32.123,0.008,0.182,1.767,1.690,0.179,-0.098,0.002
15783.000,192.000,9607.000,0.850,1.000,-99999.000,1098.813,0.000,0.005,-2.874,-2.766,0.129,-0.861,0.198
15783.000,380.000,19041.000,1.072,1.139,52.950,73.711,0.228,0.391,-1.659,-1.614,0.298,-0.196,0.006
15783.000,394.000,19704.000,0.555,1.216,20.111,111.229,0.030,0.008,-0.468,-0.753,0.039,0.788,0.023
18701.000,278.000,13912.000,1.091,1.172,-99999.000,558.153,0.102,0.404,0.450,2.124,0.268,0.886,0.021
15473.000,185.000,9264.000,1.027,1.000,-99999.000,127.986,0.040,0.137,-1.050,-1.139,0.143,0.402,0.006
18923.000,263.000,13183.000,0.509,5.337,3.129,23.034,0.018,0.485,-0.616,-1.461,0.391,0.751,0.008
14958.000,65.000,3286.000,0.947,1.000,24.220,42.797,0.083,0.306,0.498,0.809,0.263,0.871,0.040
18577.000,110.000,5532.000,0.657,1.000,41.743,131.841,0.364,0.259,2.133,0.485,0.122,-0.164,0.028
18752.000,125.000,6292.000,0.698,1.000,44.712,553.182,0.000,0.002,0.554,0.600,0.078,0.760,0.134
17249.000,15.000,787.000,1.210,1.000,29.535,322.532,0.195,0.244,-1.800,-2.247,0.576,-0.308,0.027
16797.000,21.000,1070.000,0.962,1.000,0.283,193.278,0.000,0.009,-0.062,-2.793,0.253,0.955,0.057
17655.000,108.000,5424.000,0.552,1.166,14.258,208.976,0.529,0.461,3.119,3.126,0.074,-0.621,0.037
14545.000,21.000,1064.000,0.492,1.165,11.519,916.702,0.228,0.003,-0.352,-0.228,0.078,0.566,0.011
15882.000,141.000,7070.000,1.129,1.000,42.918,109.112,0.007,0.149,-1.097,-1.115,0.131,0.359,0.007
15351.000,47.000,2379.000,0.405,1.000,0.141,77.010,0.056,0.374,0.876,2.477,0.089,0.457,0.005
17743.000,8.000,445.000,1.163,1.000,-99999.000,81.056,0.987,0.309,-0.352,-2.272,0.314,0.836,0.034
14361.000,16.000,817.000,0.697,1.000,142.550,100.532,0.487,0.128,0.565,2.080,0.184,0.834,0.061
15116.000,79.000,3965.000,1.028,1.000,20.544,142.610,0.044,0.086,1.156,1.622,0.032,0.493,0.004
14938.000,104.000,5223.000,1.051,1.192,99.171,213.193,0.018,0.097,0.645,1.570,0.124,0.856,0.029
15901.000,322.000,16102.000,0.760,1.000,9.270,64.681,0.004,0.285,-1.697,-1.456,0.109,-0.220,0.007
15901.000,333.000,16677.000,1.303,1.311,27.433,75.815,0.992,0.377,-0.399,-0.636,0.204,0.808,0.541
17742.000,1.000,66.000,0.903,1.192,0.067,599.120,0.000,0.001,-0.685,-1.507,0.259,0.703,0.010
17742.000,4.000,202.000,0.922,1.000,0.028,653.709,0.238,0.214,0.883,0.649,0.268,0.555,0.013
17218.000,26.000,1322.000,0.633,1.000,9.350,93.991,0.006,0.393,-2.452,-2.667,0.119,-0.584,0.005
18007.000,124.000,6229.000,1.004,1.000,17.699,348.213,0.000,0.004,-1.591,-0.846,0.205,-0.042,0.006
18754.000,114.000,5731.000,0.834,1.000,16.024,76.747,0.032,0.260,-0.937,-1.688,0.213,0.492,0.005
15111.000,84.000,4227.000,0.552,1.205,-99999.000,105.690,0.096,0.282,-1.584,-0.684,0.034,-0.014,0.006
15111.000,278.000,13936.000,0.917,1.000,11.035,25.866,0.263,0.080,0.864,0.938,0.279,0.671,0.018
17985.000,103.000,5196.000,0.893,1.000,7.145,305.537,0.498,0.037,-0.473,-1.373,0.508,0.838,0.057
17985.000,347.000,17399.000,0.957,1.000,26.792,278.667,0.127,0.135,1.419,2.385,0.084,0.119,0.004
16071.000,8.000,440.000,0.996,2.076,7.572,49.418,0.050,0.465,0.101,3.113,0.251,0.201,0.005
17871.000,21.000,1090.000,1.043,1.000,4.986,340.826,0.861,0.003,-0.384,-0.704,0.121,0.836,0.213
16495.000,19.000,981.000,1.031,1.269,15.618,807.802,0.761,0.045,0.497,1.015,0.071,0.906,0.046
17023.000,139.000,6958.000,0.887,1.000,16.030,873.755,0.707,0.024,-0.003,-0.005,0.148,0.900,0.945
17724.000,12.000,616.000,1.479,1.000,10.869,347.766,0.932,0.002,0.039,0.078,0.111,0.927,0.969
17724.000,37.000,1863.000,0.362,1.254,-99999.000,74.912,0.224,0.041,2.301,1.769,0.216,-0.588,0.012
15097.000,67.000,3397.000,0.977,1.000,20.186,92.613,0.076,0.295,-1.047,-2.488,0.285,0.208,0.006
17397.000,105.000,5262.000,0.570,1.107,73.681,106.390,0.108,0.105,1.378,1.200,0.237,0.303,0.016
15930.000,98.000,4920.000,1.010,8.142,65.171,55.006,0.057,0.222,0.008,3.134,0.356,0.617,0.029
17397.000,8.000,426.000,0.865,1.000,35.704,878.354,0.990,0.003,-0.951,-1.196,0.222,0.490,0.062
17397.000,39.000,1996.000,0.502,1.000,0.170,176.664,0.000,0.412,0.211,2.991,0.018,0.516,0.005
14306.000,69.000,3469.000,0.925,1.000,-99999.000,161.742,0.795,0.023,-0.208,-1.985,0.062,0.937,0.075
16947.000,209.000,10474.000,0.978,1.037,74.294,597.545,0.451,0.078,0.429,0.623,0.079,0.858,0.440
14927.000,193.000,9663.000,0.689,1.000,0.157,104.433,0.000,0.009,-1.241,-1.852,0.299,0.192,0.006
14338.000,148.000,7407.000,0.857,1.000,0.121,388.195,0.000,0.000,1.298,1.250,0.232,0.376,0.007
17835.000,117.000,5876.000,1.349,1.000,97.447,182.461,0.470,0.031,-0.573,-2.036,0.327,0.727,0.022
16733.000,101.000,5074.000,1.029,1.000,185.109,325.497,0.874,0.085,0.360,1.246,0.479,0.968,0.166
16573.000,194.000,9734.000,1.019,1.000,50.773,361.511,0.157,0.005,-0.906,-2.382,0.121,0.356,0.005
17013.000,45.000,2289.000,0.992,0.992,15.421,51.583,0.232,0.123,0.632,2.008,0.286,0.810,0.009
17013.000,60.000,3001.000,1.032,1.263,7.869,378.833,0.978,0.001,0.400,1.983,0.099,0.928,0.037
15500.000,32.000,1636.000,0.825,1.000,28.176,72.535,0.838,0.075,0.379,1.911,0.253,0.942,0.066
18701.000,87.000,4385.000,1.263,1.000,21.992,6.719,0.013,0.462,-0.028,-0.016,0.425,0.560,0.015
17341.000,37.000,1893.000,0.663,,25.931,80.717,0.150,0.185,-1.787,-1.083,0.163,-0.245,0.012
17341.000,40.000,2008.000,0.972,1.000,11.585,65.075,0.042,0.316,-1.261,-1.254,0.111,0.216,0.005
14432.000,9.000,479.000,0.556,1.000,27.882,53.212,0.212,0.309,-0.632,-0.026,0.125,0.111,0.012
18039.000,21.000,1095.000,1.014,1.000,70.829,786.125,0.237,0.005,0.502,0.411,0.266,0.676,0.065
18039.000,76.000,3847.000,1.023,1.116,22.171,1136.711,0.341,0.004,-0.175,-0.234,0.013,0.819,0.042
18703.000,15.000,768.000,0.996,1.000,29.069,186.641,0.219,0.059,1.302,1.987,0.139,0.305,0.006
15907.000,2.000,133.000,0.575,1.000,26.618,86.772,0.022,0.132,-1.088,-2.810,0.312,0.059,0.006
14737.000,12.000,620.000,0.956,0.000,-99999.000,159.738,0.138,0.094,-0.084,-0.943,0.372,0.982,0.150
15147.000,59.000,2986.000,0.922,1.000,49.090,23.460,0.037,0.288,0.979,1.993,0.217,0.573,0.006
16281.000,31.000,1591.000,0.872,1.227,3.130,386.158,0.012,0.373,-1.326,-1.880,0.076,0.108,0.003
17686.000,366.000,18304.000,0.991,1.000,97.270,156.789,0.033,0.110,1.273,0.899,0.109,0.360,0.018
18228.000,200.000,10007.000,1.048,1.000,20.965,1091.255,0.300,0.011,0.403,0.463,0.252,0.798,0.302
18014.000,38.000,1938.000,0.921,1.000,237.687,129.520,0.042,0.446,-1.365,-0.863,0.147,0.126,0.006
18900.000,22.000,1112.000,1.000,1.000,67.757,191.437,0.000,0.064,-0.627,-1.683,0.413,0.733,0.033
18900.000,22.000,1134.000,1.025,1.000,0.134,309.561,0.000,0.011,0.592,2.274,0.121,0.763,0.018
16216.000,26.000,1315.000,1.069,1.000,0.137,167.135,0.000,0.024,0.458,1.373,0.120,0.939,0.079
15863.000,24.000,1229.000,1.139,5.373,60.772,116.784,0.421,0.123,-0.424,-0.677,0.535,0.802,0.429
15863.000,48.000,2415.000,0.362,1.000,-99999.000,287.919,0.352,0.037,0.094,0.312,0.094,0.979,0.793
18752.000,511.000,25558.000,0.512,1.000,66.739,98.552,0.348,0.388,0.292,0.418,0.072,0.865,0.401
14644.000,280.000,14025.000,0.529,1.000,30.778,171.919,0.075,0.109,0.836,1.148,0.177,0.730,0.043
18740.000,85.000,4275.000,0.612,1.000,37.008,142.245,0.126,0.165,-0.686,-2.016,0.284,0.647,0.011
18740.000,191.000,9572.000,0.529,1.125,117.100,647.667,0.933,0.005,-0.209,-0.751,0.201,0.942,0.210
15596.000,18.000,926.000,1.376,1.141,12.776,238.459,0.246,0.142,0.480,0.636,0.038,0.829,0.206
16023.000,52.000,2649.000,1.008,1.000,24.839,111.741,0.059,0.073,1.768,2.524,0.023,-0.117,0.006
18021.000,712.000,35640.000,0.999,1.000,16.876,52.974,0.223,0.346,1.438,0.306,0.153,0.147,0.006
18885.000,68.000,3444.000,0.878,1.000,125.783,424.269,0.131,0.028,-0.830,-0.368,0.087,0.344,0.018
17875.000,360.000,18024.000,1.009,1.041,-99999.000,448.175,0.167,0.001,-0.315,-0.587,0.142,0.858,0.276
14882.000,64.000,3225.000,0.559,1.000,9.515,242.303,0.714,0.001,-0.423,-1.466,0.083,0.863,0.038
15312.000,22.000,1110.000,0.714,inf,-99999.000,84.170,0.005,0.150,-0.998,-1.393,0.144,0.455,0.005
14555.000,262.000,13121.000,0.984,1.000,5.779,48.702,0.063,0.271,0.500,0.682,0.192,0.833,0.099
15909.000,250.000,12522.000,0.706,1.000,0.130,39.548,0.067,0.199,-1.532,-1.963,0.245,-0.093,0.003
15486.000,95.000,4767.000,0.303,1.000,0.139,715.221,0.000,0.139,0.241,2.086,0.380,0.968,0.030
15486.000,347.000,17381.000,0.729,1.000,118.947,407.663,0.885,0.003,-0.111,-0.794,0.335,0.976,0.256
15436.000,115.000,5760.000,1.368,1.000,11.074,399.117,0.975,0.015,-0.570,-2.129,0.717,0.711,0.026
16119.000,143.000,7170.000,0.992,1.156,36.007,498.139,0.242,0.001,-0.026,-0.016,0.155,0.587,0.081
17509.000,14.000,704.000,0.983,0.000,7.098,64.123,0.149,0.106,-0.163,-0.070,0.242,0.453,0.014
17509.000,14.000,731.000,0.929,1.000,-99999.000,91.158,0.086,0.046,2.604,1.293,0.220,-0.777,0.036
15314.000,21.000,1058.000,0.530,1.000,18.876,31.984,0.039,0.382,-0.949,-3.023,0.173,-0.007,0.002
18235.000,220.000,11015.000,0.507,1.000,70.147,1628.978,0.580,0.009,0.166,0.304,0.046,0.917,0.906
18781.000,46.000,2321.000,1.120,1.000,24.439,89.716,0.016,0.164,0.027,0.268,0.538,0.997,0.115
16292.000,22.000,1116.000,0.594,1.000,0.874,603.852,0.000,0.004,-0.425,-1.453,0.208,0.862,0.019
16292.000,22.000,1127.000,1.025,1.325,7.973,38.659,0.276,0.135,0.370,2.548,0.239,0.811,0.011
17270.000,16.000,832.000,0.922,1.000,18.207,52.816,0.110,0.287,-0.697,-2.564,0.466,0.437,0.029
17270.000,39.000,1962.000,0.922,0.001,123.148,95.718,0.011,0.490,-1.213,-2.220,0.143,0.156,0.007
14736.000,32.000,1621.000,0.937,1.199,86.334,918.228,0.819,0.001,-0.124,-1.666,0.228,0.970,0.015
14736.000,172.000,8601.000,0.927,1.000,33.582,138.659,0.457,0.057,0.481,2.235,0.268,0.845,0.029
17560.000,74.000,3742.000,0.600,1.182,9.365,40.021,0.020,0.077,1.477,2.122,0.174,0.128,0.002
17169.000,44.000,2246.000,0.601,1.000,61.204,98.439,0.042,0.166,-1.206,-1.921,0.225,0.215,0.007
17169.000,172.000,8610.000,0.938,1.000,48.804,961.653,0.995,0.015,0.029,0.089,0.292,0.970,0.642
17169.000,172.000,8619.000,0.986,1.170,-99999.000,959.685,0.948,0.007,-0.230,-0.271,0.144,0.778,0.457
14671.000,4.000,202.000,0.834,1.000,0.075,429.368,0.000,0.002,-0.205,-0.186,0.193,0.702,0.102
16110.000,65.000,3289.000,0.931,1.000,6.390,1238.941,0.946,0.020,0.131,0.622,0.054,0.995,0.051
17692.000,141.000,7057.000,1.093,1.000,71.914,167.147,0.061,0.428,2.627,1.858,0.178,-0.814,0.025
15921.000,32.000,1615.000,0.861,1.000,43.135,171.345,0.073,0.407,1.553,1.368,0.012,0.137,0.009
15921.000,162.000,8147.000,1.007,1.000,50.574,98.424,0.370,0.032,0.220,0.492,0.259,0.947,0.828
18238.000,185.000,9254.000,1.035,1.000,0.900,82.834,0.000,0.085,-1.333,-1.597,0.658,0.128,0.013
15074.000,35.000,1798.000,0.894,1.128,19.461,91.961,0.079,0.143,-1.031,-1.213,0.335,0.423,0.008
17614.000,43.000,2174.000,1.215,1.179,5.629,66.111,0.050,0.388,0.619,1.443,0.317,0.872,0.051
16437.000,122.000,6112.000,1.196,1.000,38.745,538.267,0.012,0.007,-1.088,-0.701,0.082,0.310,0.006
15330.000,118.000,5916.000,0.819,1.000,5.058,534.585,0.297,0.005,0.933,1.120,0.178,0.659,0.015
16750.000,71.000,3589.000,0.591,1.000,24.399,100.069,0.015,0.141,1.551,1.690,0.107,0.115,0.005
17352.000,37.000,1883.000,0.788,1.000,69.651,276.380,0.218,0.001,-1.172,-1.816,0.208,0.262,0.006
15016.000,46.000,2344.000,0.894,1.000,15.786,498.395,0.122,0.021,-0.758,-1.618,0.354,0.644,0.009
17267.000,144.000,7220.000,0.280,1.000,13.418,39.852,0.122,0.236,-0.151,-2.991,0.159,0.627,0.005
17488.000,325.000,16290.000,0.558,1.000,-99999.000,101.056,0.019,0.064,0.958,1.389,0.240,0.661,0.023
15504.000,239.000,11977.000,0.985,1.000,6.053,375.002,0.104,0.006,-0.854,-1.100,0.196,0.561,0.008
17829.000,134.000,6746.000,0.508,1.000,10.543,118.116,0.023,0.366,-0.947,-1.292,0.124,0.498,0.005
17829.000,165.000,8292.000,0.644,1.000,38.404,767.415,0.078,0.003,-1.332,-1.176,0.176,0.151,0.007
17232.000,0.000,44.000,0.948,1.166,5.187,259.957,0.010,0.164,-0.323,-1.496,0.614,0.908,0.045
14428.000,150.000,7502.000,1.025,1.000,0.077,31.106,0.000,0.060,0.053,0.069,0.110,0.838,0.146
16173.000,157.000,7851.000,0.984,1.000,47.480,170.402,0.000,0.049,0.956,1.860,0.131,0.621,0.018
15981.000,106.000,5326.000,1.153,1.000,-99999.000,56.407,0.155,0.259,1.381,2.264,0.261,0.176,0.005
17129.000,46.000,2315.000,0.960,1.000,9.491,35.580,0.264,0.368,-2.755,-0.929,0.071,-0.901,0.009
16197.000,11.000,569.000,1.281,1.000,0.059,93.463,0.038,0.432,1.861,2.584,0.203,-0.165,0.003
16134.000,391.000,19591.000,0.282,1.000,83.284,50.035,0.238,0.297,0.663,2.849,0.175,0.302,0.009
15927.000,198.000,9946.000,1.029,1.000,123.557,40.069,0.268,0.267,-0.833,-2.514,0.211,0.355,0.003
15677.000,382.000,19107.000,0.962,1.000,142.101,82.988,0.035,0.034,-1.710,-2.134,0.235,-0.247,0.006
14976.000,13.000,683.000,1.041,1.000,53.541,397.636,0.060,0.003,-0.979,-0.785,0.099,0.408,0.008
14664.000,147.000,7383.000,1.009,1.000,27.467,177.610,0.009,0.385,-1.699,-1.722,0.668,-0.241,0.025
16188.000,50.000,2538.000,0.538,1.154,-99999.000,388.647,0.828,0.060,-3.099,-3.025,0.087,-0.962,0.827
16118.000,24.000,1242.000,0.915,1.134,-99999.000,183.344,0.020,0.348,-1.345,-1.968,0.084,0.080,0.003
14377.000,125.000,6298.000,0.949,1.000,39.874,31.075,0.075,0.485,-1.595,-2.054,0.153,-0.152,0.003
17684.000,86.000,4337.000,1.047,1.000,45.817,713.612,0.928,0.001,-1.365,-0.878,0.133,0.127,0.031
16141.000,19.000,997.000,0.439,1.000,0.610,169.652,0.132,0.063,-1.947,-2.076,0.248,-0.448,0.010
16141.000,161.000,8070.000,0.533,1.000,38.419,193.060,0.027,0.144,-1.773,-1.676,0.165,-0.310,0.008
17631.000,27.000,1400.000,1.018,1.071,0.232,15.199,0.000,0.017,2.562,2.380,0.140,-0.708,0.044
17631.000,41.000,2061.000,1.032,0.276,12.471,506.065,0.131,0.143,1.211,1.637,0.130,0.442,0.004
17327.000,29.000,1500.000,1.081,1.108,26.679,351.783,0.225,0.004,-0.727,-0.450,0.154,0.458,0.015
17271.000,24.000,1225.000,0.901,1.000,0.959,319.588,0.227,0.331,-0.178,-1.303,0.232,0.959,0.029
18754.000,233.000,11670.000,0.960,1.036,93.580,687.710,0.897,0.000,0.066,0.183,0.079,0.965,0.880
17341.000,113.000,5683.000,0.533,1.000,37.044,174.607,0.558,0.302,-0.403,-2.874,0.103,0.434,0.010
17361.000,216.000,10815.000,1.000,0.032,7.111,282.823,0.082,0.021,-1.573,-1.174,0.189,-0.069,0.006
17361.000,380.000,19001.000,0.963,1.000,27.207,63.580,0.394,0.077,-0.404,-1.598,0.139,0.869,0.032
17985.000,196.000,9843.000,0.628,1.154,5.041,454.595,0.968,0.281,0.369,1.482,0.468,0.965,0.030
15501.000,271.000,13588.000,1.145,1.000,4.023,130.016,0.252,0.055,-2.300,-1.535,0.314,-0.737,0.033
14539.000,165.000,8287.000,0.483,1.000,-99999.000,166.636,0.048,0.333,0.243,2.046,0.266,0.970,0.025
17181.000,41.000,2063.000,0.750,1.000,0.124,61.431,0.000,0.008,-2.399,-0.912,0.181,-0.674,0.043
17181.000,105.000,5253.000,1.006,1.000,5.652,59.905,0.709,0.311,0.357,2.864,0.104,0.550,0.019
17390.000,25.000,1274.000,0.402,1.000,1.074,565.197,0.313,0.055,0.311,0.986,0.301,0.972,0.121
14377.000,37.000,1869.000,1.497,1.000,-99999.000,122.371,0.011,0.474,1.057,1.784,0.134,0.555,0.004
16340.000,147.000,7388.000,0.997,1.000,0.408,45.859,0.054,0.194,-0.849,-2.172,0.371,0.476,0.003
16834.000,95.000,4773.000,0.597,1.262,7.456,136.918,0.021,0.171,1.115,0.547,0.147,0.364,0.007
16467.000,262.000,13123.000,0.985,1.103,9.364,724.737,0.654,0.033,-0.158,-1.861,0.108,0.957,0.010
17655.000,382.000,19118.000,1.006,1.000,0.122,31.183,0.098,0.112,0.533,1.497,0.120,0.910,0.012
15882.000,117.000,5873.000,1.037,1.000,73.119,590.515,0.524,0.025,-0.662,-1.543,0.218,0.718,0.017
18933.000,363.000,18157.000,1.077,1.000,0.608,978.557,0.000,0.020,0.335,0.580,0.193,0.903,0.595
16108.000,16.000,805.000,0.982,1.000,31.250,129.114,0.191,0.082,-1.253,-2.577,0.144,0.050,0.006
16551.000,92.000,4606.000,0.538,0.005,65.631,425.375,0.000,0.225,0.286,0.773,0.129,0.964,0.241
16551.000,92.000,4631.000,0.941,1.000,-99999.000,39.122,0.047,0.461,2.355,0.994,0.153,-0.535,0.003
17327.000,128.000,6402.000,1.009,1.000,82.192,202.243,0.184,0.004,0.767,2.294,0.160,0.630,0.020
17327.000,128.000,6414.000,0.787,1.000,5.797,66.065,0.172,0.149,-0.504,-1.514,0.560,0.819,0.056
15234.000,10.000,507.000,1.003,1.000,15.306,186.727,0.017,0.027,-1.447,-2.077,0.442,-0.023,0.010
15234.000,70.000,3542.000,0.911,1.029,79.898,36.833,0.151,0.496,-0.572,-1.513,0.412,0.778,0.062
15234.000,89.000,4480.000,0.539,1.000,0.128,325.888,0.000,0.020,-0.465,-1.543,0.330,0.839,0.021
15111.000,159.000,7986.000,1.239,1.000,19.210,389.398,0.183,0.002,-0.912,-1.033,0.087,0.507,0.008
15482.000,93.000,4660.000,0.970,0.005,27.451,471.567,0.596,0.002,-0.025,-0.055,0.243,0.935,0.977
17270.000,49.000,2457.000,0.274,1.006,99.085,494.267,0.505,0.019,0.161,0.430,0.140,0.966,0.848
17270.000,49.000,2490.000,0.814,1.000,20.769,208.610,0.377,0.107,0.051,0.085,0.079,0.897,0.886
16813.000,19.000,996.000,0.806,1.247,0.165,413.961,0.349,0.001,0.358,2.476,0.126,0.850,0.030
14980.000,31.000,1573.000,1.010,1.000,124.921,212.869,0.147,0.139,0.470,1.943,0.195,0.904,0.056
16134.000,390.000,19527.000,0.847,1.201,18.357,58.536,0.674,0.469,-3.054,-0.152,0.195,-0.826,0.105
14467.000,71.000,3562.000,0.878,1.000,6.145,273.828,0.505,0.036,0.646,0.707,0.091,0.745,0.102
14467.000,124.000,6232.000,1.036,1.190,0.233,29.851,0.000,0.041,-0.812,-0.767,0.135,0.531,0.003
14467.000,268.000,13409.000,1.076,1.000,60.695,856.189,1.000,0.007,0.036,0.059,0.088,0.891,0.991
16955.000,50.000,2518.000,0.527,1.145,18.268,245.709,0.090,0.043,-2.688,-0.802,0.062,-0.832,0.024
15299.000,93.000,4652.000,0.953,1.000,-99999.000,32.944,0.060,0.361,-1.010,-0.822,0.089,0.392,0.003
14452.000,81.000,4067.000,0.813,1.220,-99999.000,30.308,0.091,0.262,1.213,1.452,0.256,0.453,0.004
18782.000,5.000,296.000,0.791,1.000,14.268,295.863,0.118,0.011,0.141,0.254,0.075,0.914,0.954
18523.000,21.000,1078.000,1.002,1.000,5.957,283.009,0.137,0.001,1.303,0.937,0.073,0.343,0.005
15910.000,7.000,354.000,1.042,1.000,21.818,1232.814,0.643,0.001,-0.029,-0.043,0.120,0.863,0.884
15910.000,130.000,6530.000,1.097,1.000,77.241,41.645,0.690,0.157,0.140,0.638,0.275,0.994,0.227
16467.000,49.000,2452.000,0.513,1.162,44.449,40.576,0.077,0.168,-1.045,-1.072,0.240,0.401,0.004
16467.000,150.000,7531.000,0.471,1.000,65.587,88.357,0.099,0.048,-1.558,-1.582,0.695,-0.094,0.026
18927.000,0.000,18.000,0.953,1.000,187.794,1335.857,0.522,0.050,-0.091,-0.053,0.307,0.563,0.055
15697.000,37.000,1884.000,0.612,1.000,119.086,406.672,0.011,0.001,-1.128,-1.020,0.087,0.326,0.010
15479.000,135.000,6783.000,0.949,1.000,66.991,57.894,0.051,0.465,-2.194,-2.346,0.084,-0.569,0.010
16186.000,325.000,16287.000,0.773,1.000,8.890,180.194,0.510,0.075,0.716,0.407,0.515,0.514,0.031
14124.000,65.000,3275.000,1.275,1.000,9.766,470.206,0.592,0.064,0.181,0.218,0.261,0.821,0.497
14146.000,6.000,319.000,1.534,1.000,5.336,98.072,0.067,0.087,-1.299,-1.072,0.097,0.182,0.010
14146.000,9.000,487.000,1.356,1.000,98.632,865.179,0.216,0.006,1.015,1.347,0.308,0.617,0.021
15106.000,32.000,1606.000,0.833,1.000,148.619,92.238,0.027,0.113,1.945,1.672,0.679,-0.270,0.032
14942.000,312.000,15640.000,0.857,1.138,66.998,138.800,0.766,0.453,0.177,0.061,0.020,0.399,0.052
18234.000,76.000,3822.000,1.088,1.000,10.471,162.546,0.060,0.289,0.453,1.193,0.077,0.937,0.077
15496.000,96.000,4820.000,0.549,1.000,-99999.000,206.056,0.000,0.254,0.548,1.831,0.371,0.882,0.022
14439.000,44.000,2229.000,0.987,1.000,11.943,186.582,0.136,0.009,-1.365,-1.107,0.174,0.123,0.006
16160.000,82.000,4114.000,0.869,1.000,13.748,134.630,0.026,0.139,-0.719,-1.546,0.194,0.677,0.012
16220.000,41.000,2069.000,1.068,1.000,36.259,41.726,0.056,0.045,0.860,1.548,0.285,0.728,0.009
18218.000,145.000,7254.000,0.773,1.000,90.183,74.756,0.062,0.156,-1.195,-1.423,0.123,0.273,0.015
17960.000,147.000,7359.000,0.936,1.000,-99999.000,63.812,0.451,0.343,-0.219,-0.081,0.145,0.405,0.021
15391.000,233.000,11695.000,0.557,1.000,0.524,53.974,0.165,0.100,0.644,1.663,0.280,0.851,0.017
15713.000,251.000,12553.000,0.477,1.000,11.998,428.447,0.734,0.000,0.342,0.403,0.073,0.811,0.160
14793.000,135.000,6792.000,0.640,1.491,78.864,73.252,0.228,0.452,-0.165,-2.959,0.078,0.665,0.023
18244.000,342.000,17103.000,0.547,0.006,49.941,162.279,0.023,0.450,0.797,1.579,0.026,0.768,0.019
14209.000,57.000,2864.000,0.452,1.000,34.228,81.060,0.148,0.046,0.266,2.886,0.211,0.638,0.022
18673.000,144.000,7217.000,1.026,1.000,59.720,1239.259,0.000,0.034,0.073,0.205,0.067,0.966,0.420
17834.000,48.000,2447.000,1.039,8.563,9.324,170.497,0.683,0.169,-0.175,-3.052,0.121,0.369,0.009
15446.000,88.000,4418.000,0.482,1.000,83.261,137.935,0.528,0.371,0.192,2.456,0.145,0.949,0.093
15520.000,88.000,4402.000,0.528,1.188,30.082,925.328,0.000,0.000,-0.050,-2.984,0.552,0.916,0.028
15520.000,110.000,5536.000,0.879,1.123,17.502,131.010,0.067,0.275,-1.415,-2.093,0.163,0.003,0.009
15148.000,2.000,125.000,1.014,1.000,32.332,93.915,0.106,0.388,0.896,1.055,0.272,0.674,0.044
18208.000,25.000,1289.000,1.058,1.000,0.082,130.523,0.034,0.477,0.481,3.026,0.034,0.149,0.003
16843.000,37.000,1874.000,0.869,1.000,7.329,110.063,0.946,0.224,0.197,2.558,0.216,0.929,0.056
16843.000,297.000,14883.000,1.024,1.000,17.248,25.207,0.158,0.055,0.972,1.205,0.344,0.640,0.012
14298.000,77.000,3873.000,1.047,1.219,105.997,141.512,0.006,0.283,-0.840,-0.847,0.265,0.530,0.014
15640.000,263.000,13191.000,1.063,1.000,65.975,182.645,0.080,0.354,-2.983,-0.157,0.248,-0.650,0.063
16036.000,461.000,23098.000,1.073,1.177,32.756,44.013,0.666,0.098,0.400,0.278,0.238,0.628,0.037
17460.000,50.000,2513.000,0.526,1.000,26.972,70.940,0.108,0.085,2.444,1.697,0.172,-0.695,0.026
14548.000,77.000,3868.000,0.903,1.000,31.205,42.033,0.873,0.171,1.479,2.951,0.157,-0.040,0.021
16944.000,125.000,6299.000,0.968,1.000,9.572,80.911,0.123,0.152,-0.659,-1.116,0.362,0.711,0.024
17190.000,10.000,520.000,1.068,0.946,-99999.000,108.352,0.821,0.122,3.112,0.336,0.151,-0.977,0.125
15800.000,109.000,5474.000,0.499,1.000,133.819,460.275,0.993,0.024,-0.526,-1.007,0.321,0.790,0.157
18035.000,142.000,7110.000,0.946,1.000,5.529,184.802,0.061,0.190,1.514,1.766,0.266,0.144,0.004
14938.000,296.000,14838.000,0.489,1.000,8.120,647.153,0.655,0.017,0.925,0.347,0.054,0.353,0.007
15013.000,77.000,3867.000,1.040,3.209,33.465,98.777,0.133,0.129,-1.567,-1.941,0.325,-0.124,0.006
14464.000,81.000,4075.000,0.467,1.149,16.303,953.493,0.891,0.007,0.316,0.961,0.116,0.970,0.071
14464.000,81.000,4095.000,0.978,1.000,20.156,33.060,0.058,0.281,-0.705,-1.574,0.461,0.686,0.041
15981.000,129.000,6460.000,0.519,1.000,59.288,111.698,0.678,0.382,-0.040,-3.014,0.122,0.917,0.057
15877.000,131.000,6559.000,1.068,1.000,12.471,29.802,0.047,0.477,1.553,1.116,0.137,0.146,0.003
14396.000,72.000,3614.000,1.001,1.000,23.704,448.632,0.188,0.004,-0.854,-2.167,0.234,0.473,0.005
17720.000,11.000,599.000,0.962,1.000,9.883,135.432,0.000,0.031,2.419,2.142,0.164,-0.650,0.046
14191.000,126.000,6345.000,0.421,1.000,16.537,19.580,0.105,0.494,0.114,0.632,0.214,0.997,0.028
15416.000,11.000,581.000,1.317,1.176,78.198,138.778,0.104,0.044,1.889,1.960,0.075,-0.224,0.007
15416.000,21.000,1066.000,0.641,1.000,-99999.000,391.573,0.022,0.001,-1.363,-1.253,0.117,0.120,0.005
16006.000,425.000,21271.000,0.904,1.000,29.213,35.623,0.147,0.251,-0.535,-1.957,0.138,0.766,0.005
15799.000,111.000,5572.000,1.006,1.291,87.803,32.277,0.068,0.486,0.845,1.467,0.129,0.741,0.019
15231.000,199.000,9953.000,1.142,1.000,254.565,102.528,0.547,0.077,0.487,2.485,0.324,0.751,0.043
18021.000,170.000,8529.000,0.512,1.174,0.247,696.327,0.000,0.007,0.299,0.279,0.084,0.739,0.077
18021.000,506.000,25332.000,1.327,1.000,10.593,421.114,0.000,0.040,0.023,0.104,0.221,0.987,0.401
16355.000,50.000,2530.000,0.686,1.000,19.686,127.327,0.007,0.202,-1.013,-2.046,0.265,0.367,0.004
14165.000,10.000,513.000,0.977,1.000,168.900,25.864,0.106,0.313,0.529,1.557,0.150,0.910,0.022
17955.000,85.000,4297.000,0.446,1.000,11.696,153.407,0.022,0.128,-0.272,-1.317,0.408,0.930,0.103
14531.000,0.000,26.000,1.106,0.001,9.151,472.754,0.865,0.004,0.171,1.922,0.343,0.988,0.019
17695.000,3.000,164.000,0.951,1.000,-99999.000,162.144,0.058,0.207,-1.554,-1.296,0.042,-0.064,0.004
17695.000,35.000,1766.000,0.894,1.000,10.823,341.261,0.142,0.005,-0.573,-0.620,0.134,0.665,0.020
15917.000,208.000,10448.000,0.922,1.000,20.972,363.695,0.053,0.039,2.708,3.018,0.119,-0.318,0.005
18761.000,28.000,1414.000,0.497,4.831,-99999.000,207.449,0.076,0.049,2.280,1.155,0.133,-0.510,0.008
18028.000,140.000,7037.000,0.977,1.000,18.242,189.819,0.608,0.007,0.386,2.605,0.099,0.767,0.019
17126.000,116.000,5802.000,0.817,1.000,24.364,854.947,0.000,0.006,-1.297,-2.567,0.182,0.027,0.005
14802.000,299.000,14984.000,0.856,1.000,262.562,34.412,0.010,0.300,1.924,2.076,0.498,-0.253,0.015
17379.000,26.000,1326.000,0.571,1.000,51.231,408.680,0.375,0.011,0.474,0.823,0.267,0.887,0.343
